Filename,Blue %,Green %,Red %,Gray Brightness,Intensity
monarca0.jpg,22.408204411885755,33.491960762036854,44.09983482607739,41.45232396343955,26.23988715277778
monarca1.jpg,28.210527057098506,31.58949733675729,40.199975606144214,48.33867506638072,40.37188680810866
monarca10.jpg,5.25647142750383,37.38946587059565,57.354062701900524,36.80559002246732,4.873339205473857
monarca100.jpg,15.490052463786979,35.23278195547648,49.277165580736536,18.959753178615195,7.897223817912582
monarca101.jpg,18.01220076865471,32.09516122581393,49.89263800553135,23.82075705933415,11.979573886846406
monarca102.jpg,24.184619611291115,39.4497707951299,36.36560959357899,26.668885314542486,17.53370481004902
monarca103.jpg,17.18885387954193,40.47430938210742,42.33683673835065,35.10878108404821,15.726844937193627
monarca104.jpg,30.025939364270123,33.61354408908569,36.36051654664419,40.54269237642974,35.78009791156045
monarca11.jpg,28.446192884816018,33.57314822154218,37.9806588936418,30.302007697610296,25.126678666258172
monarca12.jpg,23.476022855805432,40.35033702351488,36.173640120679686,39.75729549632353,25.106696155024512
monarca13.jpg,44.28702279618211,33.586551631841246,22.126425571976647,43.62801202512256,61.593290122038404
monarca14.jpg,28.528821880367083,33.07691547441925,38.39426264521367,68.46623902165032,57.198430798100496
monarca15.jpg,16.046200479095894,37.431570534111124,46.52222898679298,52.67845945669935,22.40980934691585
monarca16.jpg,27.045655868777548,35.28484671018096,37.6694974210415,63.07961409824347,48.65382933772468
monarca17.jpg,20.516277129286493,32.63407545797634,46.84964741273717,30.335548151552285,17.529709839665035
monarca18.jpg,20.472387895137114,38.44982582520118,41.0777862796617,39.78083958843955,21.90181940614788
monarca19.jpg,24.263239401839616,35.63324123789805,40.10351936026233,39.80411560457516,27.071669794219773
monarca2.jpg,20.80341187444353,37.571685051988915,41.62490307356755,40.4329691967933,22.814521420547386
monarca20.jpg,30.13134441179276,32.7138337218684,37.154821866338835,73.16861532373366,65.32905815972222
monarca21.jpg,21.81837481747787,36.368282057487455,41.81334312503468,41.81540287990196,25.106516161151966
monarca22.jpg,32.35393453932049,34.19148979756706,33.45457566311245,25.15116261999592,24.102689376531863
monarca23.jpg,30.462829366553674,35.00139702124464,34.53577361220169,45.14443040236929,40.04164656096815
monarca24.jpg,17.262218283830173,38.88010585806473,43.8576758581051,45.34436051113153,20.649054393892975
monarca25.jpg,25.797488240778822,39.41486360361145,34.78764815560973,45.16711569393383,31.944497740502452
monarca26.jpg,25.845308807260082,32.238765902466675,41.91592529027324,51.07773118361928,38.37240157781863
monarca27.jpg,26.314185476990833,34.62427935655228,39.06153516645689,47.93511220894608,36.03569367851308
monarca28.jpg,26.60571817842085,31.777390070615464,41.61689175096369,58.95456303615196,45.955948733660136
monarca29.jpg,31.0228412198119,33.44712503738687,35.53003374280122,42.01390995200164,38.5678506689134
monarca3.jpg,7.193339431456863,47.50715608234079,45.299504486202345,44.30135633680556,7.543578941993465
monarca30.jpg,18.038816493284873,39.71492772145537,42.246255785259756,32.416332848243464,15.388408586090685
monarca31.jpg,23.68470527610584,34.08143798812457,42.233856735769585,31.810544002757354,21.320579937704252
monarca32.jpg,25.655596684574476,33.496884455575554,40.84751885984997,45.57660303053513,33.59985255821079
monarca33.jpg,13.377521451227425,31.926116693065076,54.6963618557075,22.471369166156048,8.209552759906048
monarca34.jpg,28.055082228247375,34.29663991047259,37.648277861280036,45.455505131740196,36.86753950929331
monarca35.jpg,15.705500354975396,40.4167573093349,43.8777423356897,41.64074371936275,16.92787415747549
monarca36.jpg,10.804933424262794,37.834589143179905,51.3604774325573,47.24143656811683,13.157614953533498
monarca37.jpg,19.474569943014426,33.342434785624945,47.182995271360625,35.36146790747549,19.182629953022875
monarca38.jpg,19.22731285660899,35.42797744324425,45.344709700146765,43.4441690282884,22.857508361417487
monarca39.jpg,17.418018777764853,33.97511796571837,48.60686325651679,34.6464639501634,16.55156728707108
monarca40.jpg,17.31652740651398,32.32905968967508,50.35441290381094,42.38196678410948,20.38327333537582
monarca41.jpg,28.507564239920875,32.49261452637218,38.99982123370695,20.705410347732847,17.372636144301474
monarca42.jpg,29.94380217583636,33.05233820544352,37.00385961872012,39.29888652726716,34.73304004544526
monarca43.jpg,17.654415388544745,42.70240444124251,39.643180170212744,47.39668638939951,21.493285654105392
monarca45.jpg,21.287868775003517,33.45651030272157,45.25562092227491,40.774595652062914,24.384485102634805
monarca46.jpg,21.319283662777817,32.943706683112744,45.73700965410944,44.22116396037582,26.599133220996737
monarca47.jpg,36.96886571369827,33.29306462154722,29.73806966475451,49.61937742544935,56.190142463235304
monarca48.jpg,21.39377615998334,40.9834181537089,37.62280568630777,54.150518599366826,30.693280547896244
monarca49.jpg,20.641904741498177,39.80224741959202,39.555847838909806,49.42248806423611,27.172070950776146
monarca5.jpg,17.857094076746368,42.41690178349249,39.72600413976114,38.39547430300246,17.665946052900328
monarca50.jpg,28.251339709291322,33.49191735765226,38.256742933056415,62.03882218903187,51.069970703125
monarca51.jpg,24.148009378936962,40.446925835245516,35.40506478581752,36.65518248314952,23.87289528441585
monarca52.jpg,17.046786215816983,34.6522157239014,48.300998060281614,40.40597681781046,18.753960184334154
monarca53.jpg,14.97883797345238,35.40143549163702,49.619726534910605,32.40479153901144,13.005476409313726
monarca54.jpg,11.051623014818231,36.5918687275112,52.35650825767056,34.88855953839869,10.04203941993464
monarca55.jpg,21.199529644292518,32.97921795391009,45.821252401797395,42.53990693933824,25.41984943065768
monarca56.jpg,33.17984335906826,31.93518807702359,34.88496856390815,59.17453501582925,59.56889137816585
monarca57.jpg,17.196266456443457,43.119188932597936,39.6845446109586,34.5705282373366,15.192847796670753
monarca58.jpg,22.304069664526534,35.9152584565108,41.780671878962664,51.07004665798611,31.538568155126637
monarca59.jpg,25.311873940135758,38.945175364821864,35.74295069504238,56.387499680861936,39.17342122395834
monarca6.jpg,30.85284337361369,32.75815568174784,36.389000944638475,44.366179023692816,40.70764016544118
monarca60.jpg,29.761295770487163,33.59392739611404,36.644776833398794,81.00694923151553,70.76319476358252
monarca61.jpg,49.70963261333621,32.243137439244116,18.04722994741967,51.38357555912991,85.16093430861929
monarca62.jpg,20.316971800532045,33.301682845138046,46.38134535432991,39.28041481566586,22.33615962009804
monarca63.jpg,18.844726332168626,36.65680765994158,44.498466007889796,41.91218564899918,21.36293594260621
monarca64.jpg,22.163008138170536,33.98803939751551,43.84895246431395,60.30308415032679,37.55209290747549
monarca65.jpg,18.524517806010767,42.45905593609622,39.016426257893016,43.984730519812096,21.05466452205882
monarca66.jpg,29.570666544945585,37.428482196151734,33.00085125890268,42.266794321895425,35.49874131944445
monarca67.jpg,32.13595020463668,33.219969181848654,34.64408061351465,88.0985169653799,84.45539885876225
monarca68.jpg,24.406730380289314,35.5906084033332,40.00266121637748,23.641280190461604,16.188689427593957
monarca69.jpg,19.369594363206584,40.700015228831035,39.93039040796238,51.96739206750409,26.4659099902982
monarca7.jpg,19.71807275665423,35.558635628185286,44.723291615160484,31.06125599979575,16.78323184742647
monarca70.jpg,21.18821979030472,38.320427386912954,40.491352822782325,40.15048860038807,22.981546479268793
monarca71.jpg,25.360386234269384,34.46473867888283,40.174875086847784,38.763543900633174,27.98187646803513
monarca72.jpg,31.679985408190497,32.50462080817502,35.815393783634484,43.31201012305964,41.08134733711193
monarca73.jpg,29.89527389492193,37.88161619922346,32.22310990585461,46.10692625357435,39.070824716605394
monarca74.jpg,41.70332990720384,34.942737597162925,23.353932495633238,53.777594273386434,69.55170387816585
monarca75.jpg,22.773274562801067,29.506729615564776,47.719995821634164,43.86289030586193,29.21901392718546
monarca76.jpg,13.311430868809795,43.77032495192196,42.91824417926825,25.37657079758987,8.435944840175653
monarca77.jpg,27.79672565386845,36.54328916544892,35.65998518068263,38.434789241217324,30.283805976817813
monarca78.jpg,14.91737794075968,35.935583331889525,49.1470387273508,28.042581635518793,11.15870481004902
monarca79.jpg,29.198194001492716,34.96554869034721,35.83625730816007,28.977184180964056,24.471120876736112
monarca8.jpg,14.118925881590224,41.985595715037626,43.89547840337215,47.16177906709559,16.90927255667892
monarca80.jpg,17.583480020127258,44.43581756203538,37.980702417837364,25.9764932470384,11.583631089154412
monarca81.jpg,15.73181015488495,34.43424821985701,49.833941625258035,45.13546836703431,19.240021190767976
monarca82.jpg,40.02175552989155,34.68752856159195,25.290715908516503,45.15319361468546,55.63046906913808
monarca83.jpg,22.536641293861777,38.10695455131825,39.35640415481997,39.32908049938725,24.14855653850082
monarca84.jpg,17.100157138730932,36.13583625442032,46.76400660684875,37.186075367647064,17.12100215737337
monarca85.jpg,20.594113319512346,36.056657559110405,43.34922912137725,40.579783241421566,22.914388020833332
monarca86.jpg,29.961595861649677,34.49265597969598,35.54574815865435,69.84462539573121,61.01757940155229
monarca87.jpg,39.28900211823931,38.6878807749517,22.023117106808993,53.28498551113154,61.993611813214876
monarca88.jpg,39.52780123146814,31.573412955437163,28.898785813094698,53.54557227839052,66.80562799989787
monarca89.jpg,19.22369099034978,35.086795051432176,45.68951395821805,18.090408943525325,9.54173464307598
monarca9.jpg,26.183005461528914,38.37830859126934,35.43868594720174,44.54044660181781,32.2942804074755
monarca90.jpg,18.79846454638885,37.42330293786141,43.77823251574974,47.37323676215278,23.939808963950163
monarca91.jpg,26.665153474734293,36.710132625275705,36.62471389999,36.33575686785131,27.263358481413395
monarca92.jpg,23.99023796035243,36.806342655955376,39.20341938369219,41.253229677287585,27.44377521190768
monarca93.jpg,44.95345088131132,38.49867734983301,16.547871768855675,36.167256114685465,49.78862847222223
monarca94.jpg,17.03134911846275,37.041263198719946,45.927387682817304,29.597623059640526,13.472918900633168
monarca95.jpg,23.88457211855329,33.52325623780477,42.59217164364193,26.22956814236111,17.831192555147062
monarca96.jpg,18.9201498889504,36.04842642935095,45.03142368169865,27.30751091452206,14.046869255514707
monarca97.jpg,22.3878789018306,34.154369300807886,43.45775179736151,54.71809640522876,34.41302051419527
monarca98.jpg,30.794271187882096,32.30047532534529,36.905253486772615,68.02537690206292,62.52944846558415
monarca99.jpg,37.64774932195037,29.673724020170756,32.67852665787886,39.937395322712426,47.76874425551471
blueMorph0.jpg,50.80129299909203,33.80456856033266,15.394138440575315,49.69033745659723,83.48106777216096
blueMorph1.jpg,39.33882141856393,34.81997158279921,25.841206998636856,62.14959022671569,74.8817644505719
blueMorph10.jpg,29.368331801016645,44.12733581680089,26.504332382182465,26.705282692504085,21.09948267718546
blueMorph11.jpg,43.029420704526416,34.59621079203474,22.374368503438845,48.51172002655229,65.41825597426472
blueMorph13.jpg,23.877004408713333,37.469878166825595,38.65311742446107,29.965172143075986,19.723898335375818
blueMorph14.jpg,35.433688445232086,33.25234110960507,31.313970445162848,31.652939899918305,34.08653747957517
blueMorph15.jpg,38.66853603537576,36.86178658204902,24.46967738257522,37.62200361264298,43.60568672130311
blueMorph16.jpg,32.855005589548156,35.05650116992385,32.088493240527995,25.627584699244284,24.820146229064544
blueMorph17.jpg,43.26376778537717,34.36065858772365,22.375573626899182,23.139683861825983,31.494470613766346
blueMorph18.jpg,35.75166769660388,33.870186116793114,30.378146186603004,63.245253459456706,68.43534166921978
blueMorph19.jpg,26.012973368130794,43.015627481235605,30.971399150633605,40.979308363970596,28.444569227430556
blueMorph2.jpg,25.28960758485378,39.496570984671926,35.2138214304743,48.074408318014704,33.22099417892157
blueMorph20.jpg,26.501831574880985,41.05343246820799,32.444735956911025,46.31151801215278,33.334753178615195
blueMorph21.jpg,30.09673563939192,37.030631720849954,32.87263263975812,38.008535986008994,32.68937014910131
blueMorph22.jpg,19.00056195529726,43.39269218991138,37.606745854791356,42.304659734987744,20.672306155535132
blueMorph23.jpg,34.64033303860188,35.28794885285569,30.071718108542424,29.106274254493467,29.958724596609475
blueMorph24.jpg,31.79758820813555,36.83866872209923,31.36374306976522,50.0923033471201,46.001475694444444
blueMorph25.jpg,18.777262276959046,43.24042166235459,37.98231606068636,27.069243387459153,13.077470766952615
blueMorph26.jpg,30.24540612555051,41.457301583444945,28.297292291004545,37.85380157271242,31.59109349468955
blueMorph27.jpg,31.146324361604528,46.44777671906357,22.4058989193319,43.51065378625409,36.124897875817
blueMorph28.jpg,27.847273240098875,33.886336374596866,38.266390385304256,42.563718469158495,34.34558185253268
blueMorph29.jpg,44.12792615124299,37.020524298801845,18.851549549955177,22.504294960171567,30.659005438112747
blueMorph3.jpg,37.6715878195382,33.00240704127417,29.32600513918763,68.31629231770833,79.34463177849264
blueMorph30.jpg,35.56043518379813,34.23702076100588,30.20254405519599,56.59297098396651,60.648012727226316
blueMorph31.jpg,35.16159226639679,39.39242534478569,25.445982388817516,31.38630227481618,31.769360191993467
blueMorph32.jpg,36.266713673148146,35.683169614557,28.050116712294855,69.60947903901145,75.42967473447713
blueMorph33.jpg,29.535086349331213,44.1470441676995,26.317869482969293,30.26892967473448,24.063512625102124
blueMorph34.jpg,40.194898850280396,35.95890171501618,23.846199434703415,29.26895520578023,35.84785794526144
blueMorph35.jpg,26.063532617369106,44.33642790275163,29.600039479879264,27.708049300449346,19.083112808925655
blueMorph36.jpg,37.700981610062485,33.54832678051515,28.75069160942237,17.122257327410132,19.80760729421977
blueMorph37.jpg,15.655367381564089,67.07642065393335,17.268211964502555,19.536143663194448,6.602803627961601
blueMorph38.jpg,37.392635623658734,33.32154077214914,29.285823604192128,40.483543964460786,46.464766199448526
blueMorph39.jpg,34.11411840300129,52.48772313129113,13.398158465707578,17.7996377782884,15.70483206954657
blueMorph4.jpg,35.57783585506507,34.21927432360483,30.202889821330096,78.30645137612338,83.98239123774509
blueMorph40.jpg,28.38072688795804,38.592324963505476,33.02694814853648,53.08859815410539,42.131097132863566
blueMorph41.jpg,32.96374182268749,45.575990978944574,21.46026719836794,12.548677810968137,11.20482887816585
blueMorph42.jpg,38.01998636838646,33.549609514324565,28.430404117288973,70.51950125102125,82.42251327614379
blueMorph43.jpg,32.44646507814991,45.32282197245341,22.230712949396676,27.885236034517977,24.489191112642974
blueMorph44.jpg,31.1446477757299,42.883497629001035,25.97185459526907,33.082113268484484,28.253454988766343
blueMorph45.jpg,39.64178608788389,35.16054901321095,25.197664898905174,67.54682425704657,81.90039764603759
blueMorph46.jpg,38.032084105264026,47.71802768350661,14.249888211229361,29.88068097681781,31.04843015982435
blueMorph47.jpg,29.337303189953918,38.839848890985884,31.822847919060198,39.90018031301062,32.82794277216095
blueMorph48.jpg,36.208587832090195,33.65636088945835,30.135051278451456,72.60944489123774,79.92553902420343
blueMorph49.jpg,39.10856766203176,36.61388546827364,24.277546869694604,73.76353751787174,86.8641011157067
blueMorph5.jpg,30.643065937714642,42.00001921004166,27.3569148522437,30.77647601358252,25.9628702001634
blueMorph50.jpg,44.30312355455454,42.94066569125358,12.756210754191882,16.932341133067812,22.02517520680147
blueMorph51.jpg,41.50836396647474,32.1771157453742,26.314520288151055,34.72620538449755,45.77754895578023
blueMorph52.jpg,34.59971750942215,33.4044886740986,31.99579381647925,59.390725847630726,62.04437136182599
blueMorph53.jpg,32.67615172427858,51.106488043389305,16.21736023233212,32.46699314491421,27.510135186887258
blueMorph54.jpg,36.882150077845516,32.56742255273114,30.55042736942335,40.406499565972226,45.92679068372141
blueMorph55.jpg,37.846249740990686,32.977121925357906,29.176628333651415,39.79205250459559,46.48532730800654
blueMorph56.jpg,39.19970291609491,25.244862598582742,35.55543448532235,47.243143956801475,61.89891812193628
blueMorph57.jpg,47.110001128618194,31.650456501136436,21.239542370245367,28.76552638633579,44.72873072406046
blueMorph58.jpg,35.485634783421936,34.605115537380804,29.90924967919726,69.43110223907271,73.97234540951798
blueMorph59.jpg,25.49374727922695,47.0873695977369,27.418883123036142,25.613033279718138,16.854093903186275
blueMorph6.jpg,44.65348530155497,35.87512507405374,19.471389624391282,62.45553225847631,87.22799989787583
blueMorph60.jpg,18.778197079607896,43.49332967921109,37.72847324118102,42.208346417994285,20.348069852941176
blueMorph61.jpg,21.584098636076735,42.063710314641604,36.352191049281664,42.60748857485703,24.188541985804736
blueMorph62.jpg,32.41984596589076,52.06357065445609,15.516583379653145,22.95139686734069,19.140483621834154
blueMorph63.jpg,27.806410740734123,36.11803188887217,36.07555737039371,25.066426036560458,19.8234352660335
blueMorph64.jpg,19.462770609224222,39.69967724189898,40.837552148876796,45.283759063521245,23.356387548508987
blueMorph65.jpg,20.7847536547385,47.69665581160218,31.518590533659324,43.25727666717729,22.59649937448938
blueMorph66.jpg,35.542550953114144,33.85689662226545,30.600552424620403,42.78343003216912,45.97468405330882
blueMorph67.jpg,35.36289701889466,35.80665444133482,28.830448539770515,31.461503650939544,33.04575386795343
blueMorph68.jpg,33.1639631341269,35.70209926863182,31.133937597241275,61.23942918964462,59.649071946486934
blueMorph69.jpg,30.821872293916886,27.01577033137991,42.16235737470321,27.602607996323535,26.606124897875823
blueMorph7.jpg,37.660900778199284,34.22153863965551,28.117560582145202,66.2585529003268,76.09470613766341
blueMorph70.jpg,32.47608544437485,42.424408182300546,25.099506373324605,47.16901648029003,42.427416513480395
blueMorph71.jpg,18.054934431328018,39.41321444933504,42.53185111933694,24.30102156096814,11.578162658292484
blueMorph72.jpg,35.948463185698635,34.623581164620695,29.42795564968067,51.19237802542892,55.395348243464056
blueMorph73.jpg,37.135078944147494,33.638645009777605,29.2262760460749,61.77032111672794,70.10497568167892
blueMorph74.jpg,54.426299740967906,35.78940316477181,9.784297094260273,25.815487770629087,46.62222190308415
blueMorph75.jpg,29.29989649075689,34.017091322270446,36.68301218697267,64.66790779462828,55.280811823427285
blueMorph76.jpg,38.72530197439979,36.85465672688855,24.420041298711666,37.63577825010213,43.70185068167892
blueMorph77.jpg,50.27617789951038,38.31234079976861,11.411481300721011,23.62441342422386,37.55839652267157
blueMorph7756012.jpg,48.22707520531617,33.13472919732553,18.638195597358298,37.794678053513074,59.72940825418709
blueMorph78.jpg,37.919768349540405,36.746986458803846,25.333245191655752,46.79868068321079,53.02799862132353
blueMorph79.jpg,25.728944685292287,35.63351630538125,38.63753900932645,66.25385614532271,48.14361021752451
blueMorph8.jpg,36.64440211438753,36.66085700449472,26.694740881117745,63.421242468341504,68.9962539573121
blueMorph80.jpg,37.549694175665174,35.6860510293823,26.764254794952524,41.24365617340687,46.60641116472631
blueMorph81.jpg,43.456170801769,38.6904412750113,17.853387923219692,26.576536011540032,34.996399165134804
blueMorph82.jpg,36.09639333789102,34.10884776290713,29.794758899201845,44.29814516952615,48.38735223907271
blueMorph83.jpg,37.700614000831585,34.79413255846634,27.50525344070208,32.95912128523284,37.716608583537585
blueMorph84.jpg,36.13009015604608,36.077886029811964,27.79202381414196,44.9659077563317,48.33940365859886
blueMorph85.jpg,52.45241586024556,34.097650529222726,13.449933610531712,16.398541858149514,28.672687844669117
blueMorph86.jpg,43.779429714512375,40.73909432096233,15.481475964525298,31.732649739583334,41.435425921670756
blueMorph87.jpg,32.63256753487397,39.00605060073169,28.361381864394346,44.11699282577615,41.02308357587827
blueMorph89.jpg,40.932867914658274,37.305098862618166,21.762033222723566,68.32654750051063,84.56576573988971
blueMorph9.jpg,37.932018803736405,36.8120995640514,25.2558816322122,31.36771280126634,35.53298228145425
blueMorph90.jpg,28.555049833670353,40.019135329717614,31.42581483661203,39.044976447610296,30.850045317606213
blueMorph91.jpg,37.4432742139359,33.21563118679155,29.341094599272555,69.76951593137255,80.28607089971406
blueMorph92.jpg,36.465993511066706,33.76414409061946,29.769862398313823,65.42502010569854,72.56836831086602
blueMorph93.jpg,29.77678238703761,35.9973874079713,34.225830204991084,46.00242257710376,39.40760410283905
blueMorph94.jpg,27.388083993610746,40.96611911965019,31.64579688673907,31.12597688163807,23.271471609477125
blueMorph95.jpg,30.722609200082758,40.50574369847389,28.771647101443342,31.91664592269199,27.32931091707517
blueMorph96.jpg,33.286801680905114,37.826579065998686,28.886619253096196,37.72170489940768,36.25274171517566
blueMorph97.jpg,39.24596005061726,40.412375725463356,20.34166422391938,29.033593430861927,33.2463232102737
blueMorph98.jpg,25.38060787326891,46.218795564197826,28.40059656253326,41.61122568167893,27.423923547283497
blueMorph99.jpg,29.578358020558532,38.30070083059288,32.12094114884859,40.955315244587425,34.16287881689134
blueMorphta-brasil-adulto-lado-dorsal-2df7787 (1)88.jpg,39.73243197211425,35.35003960173705,24.9175284261487,63.9723530688317,77.65567618974674
pinwinos0.jpg,33.52943690182808,33.40098243597653,33.06958066219539,80.76071155024512,81.27847286049838
pinwinos1.jpg,30.518781595217163,32.86517410423472,36.61604430054812,50.35708422691994,45.578951886744285
pinwinos10.jpg,35.160964603099615,33.657408568559354,31.18162682834103,69.25179770475899,73.59740381178513
pinwinos11.jpg,36.094811747059694,33.13720075909796,30.767987493842348,57.333428117340695,63.16105207056782
pinwinos12.jpg,37.34800214889471,32.97782536810971,29.674172482995576,65.57525403390522,75.38742053462009
pinwinos13.jpg,32.052238529136915,33.771912634289805,34.17584883657327,62.6224871068219,59.575574129391335
pinwinos14.jpg,37.043272104514244,34.31718483899457,28.639543056491192,54.84407903135212,61.696621604370925
pinwinos15.jpg,33.52980639932447,33.153598637151745,33.31659496352379,70.24880993412991,70.85675615298203
pinwinos16.jpg,39.00702002146848,32.98688245682302,28.006097521708504,54.316395080167496,65.82119491676879
pinwinos17.jpg,34.849950201519185,32.96783301000456,32.18221678847626,57.85745634191177,61.216454758986934
pinwinos18.jpg,33.497058054096826,33.9994440473705,32.50349789853267,77.12369823580475,77.15318882761439
pinwinos19.jpg,32.67360391607366,33.64169456427452,33.68470151965182,57.89197686887255,56.393848294526144
pinwinos2.jpg,34.82735749882737,33.78654188957913,31.386100611593506,53.550943372140516,56.20483143127043
pinwinos20.jpg,33.422922813135585,34.26152555357977,32.31555163328464,39.50454356872958,39.287987962111934
pinwinos21.jpg,32.16813067550627,34.35078950317273,33.481079821321,64.77294794219772,61.53065448835784
pinwinos22.jpg,35.3047956627213,34.390073194517115,30.30513114276158,46.89501027624592,49.759568078533505
pinwinos23.jpg,32.92684102240735,33.45941722929376,33.61374174829888,55.13465871374593,54.283399075776146
pinwinos24.jpg,35.07600738183959,33.24313575504261,31.6808568631178,57.530074614481215,61.176678985396244
pinwinos25.jpg,31.47129853590297,33.20568461526856,35.32301684882847,44.45424325980393,41.58627546721814
pinwinos26.jpg,33.5563559856582,33.314645858325264,33.128998156016536,71.27220275479985,71.84803347120099
pinwinos27.jpg,36.468339271486165,32.39976177354495,31.13189895496888,55.532875051062085,62.34049766390931
pinwinos28.jpg,35.22348257026971,33.021527592584775,31.754989837145516,67.28957439746732,72.05978413500817
pinwinos29.jpg,35.19895085492036,32.92381327581721,31.877235869262428,56.732999514910134,60.732428576899515
pinwinos3.jpg,34.34051269588098,33.61139500113033,32.048092302988685,75.6496390548407,78.189932470384
pinwinos30.jpg,34.13228001154825,33.46696476508784,32.400755223363916,66.82714779922387,68.66348039215686
pinwinos31.jpg,33.63893428498371,33.2545486092913,33.10651710572499,53.44915173100491,54.076081239787584
pinwinos32.jpg,34.06754730710493,33.45910862681538,32.47334406607969,43.48825380412582,44.58265293096405
pinwinos33.jpg,32.37842723355903,32.736316651909576,34.885256114531394,47.72068972120099,46.3427916283701
pinwinos34.jpg,33.53755921665803,33.33177365939309,33.130667123948875,60.801024433210785,61.24237674887664
pinwinos35.jpg,32.74219593389445,33.47846167715459,33.77934238895096,56.27302038654003,55.026789407169126
pinwinos36.jpg,33.88004074367327,33.47311039251014,32.646848863816594,51.93837028952206,52.868293951695264
pinwinos37.jpg,42.879876911968104,32.67818082480854,24.441942263223364,55.84759880514706,76.31818129595588
pinwinos38.jpg,34.46888298448009,33.21964135610357,32.31147565941634,84.99624597886029,88.5408349928513
pinwinos39.jpg,34.234825317363,33.98304040558584,31.78213427705116,73.52289081648284,75.46339550142974
pinwinos4.jpg,36.84323458631856,32.95445904633084,30.202306367350605,56.38057853349674,63.745391646241835
pinwinos40.jpg,33.03436873776373,33.3688864022902,33.59674485994607,54.479131561478766,53.88272473703023
pinwinos41.jpg,34.14762583477,33.228786635424406,32.6235875298056,52.15487611060049,53.7203999438317
pinwinos42.jpg,37.127916053260805,34.39045707410144,28.48162687263776,73.08514252706291,82.39160603043301
pinwinos43.jpg,27.72459570083709,34.212015445146214,38.0633888540167,41.80538513582517,33.47418396395016
pinwinos44.jpg,36.493196605876314,33.01508668069859,30.49171671342509,51.15286681729984,57.16169704861112
pinwinos45.jpg,34.66034419239881,33.78752727546915,31.552128532132034,72.37982919730393,75.52554317299838
pinwinos46.jpg,33.73050766182339,33.23347297880343,33.03601935937318,59.67838031045752,60.57015197354985
pinwinos47.jpg,35.952138242355424,34.11196865044791,29.93589310719666,68.52282188265931,74.49062691482843
pinwinos48.jpg,32.52276810751073,33.33724712776574,34.13998476472353,54.9687624463848,53.38497880923203
pinwinos49.jpg,35.461934900108425,33.38900756685324,31.149057533038338,72.03732479319854,77.53270686529821
pinwinos5.jpg,32.72156087140543,33.493016527008145,33.78542260158642,62.52661388122958,61.08828731362337
pinwinos50.jpg,40.5518050827719,35.064940712613776,24.383254204614328,60.99963075725082,76.12523392820671
pinwinos51.jpg,34.09031779051814,33.352550856352856,32.557131353129,61.21368304483252,62.84911056219363
pinwinos52.jpg,34.67004620471277,32.89123713026954,32.438716665017694,34.18942280688317,35.953162658292484
pinwinos53.jpg,35.972980546702885,33.750538244585506,30.27648120871161,58.05090092677697,63.36010550704657
pinwinos54.jpg,36.58954873476001,33.14768849790368,30.26276276733631,67.44885780484069,75.52216094771242
pinwinos55.jpg,27.69845738920814,35.35633222812853,36.945210382663326,50.7477561402165,40.2099143433415
pinwinos56.jpg,34.0532324086008,33.46059704850327,32.486170542895934,43.70751921211193,44.783349928513076
pinwinos57.jpg,33.3875993383147,34.26595901644991,32.34644164523539,39.511634497549025,39.269082541870915
pinwinos58.jpg,35.60657139266102,33.22102070427522,31.17240790306376,69.76135493259804,75.53914132710376
pinwinos59.jpg,32.96607247520362,33.4353272328366,33.598600291959784,74.12955154718139,73.10232715482027
pinwinos6.jpg,34.00166341778315,33.33241819966493,32.665918382551915,63.30924862132353,64.83697629442402
pinwinos60.jpg,35.73538030365551,31.97055419100912,32.29406550533536,64.3647167330474,70.77122842626635
pinwinos61.jpg,33.78594260188931,33.096163493006145,33.11789390510454,70.99322980494281,72.26638167636847
pinwinos62.jpg,33.84552945067789,33.106111424544736,33.04835912477738,63.7132017846201,65.00685827716504
pinwinos63.jpg,35.08537985231468,32.94648186238766,31.968138285297666,42.78242474724265,45.64818793402778
pinwinos64.jpg,36.455011979151735,33.78879527941488,29.756192741433384,51.625902841605395,57.22645686529821
pinwinos65.jpg,32.693408481064715,33.365692958704635,33.94089856023065,58.70814248876635,57.35942255157271
pinwinos66.jpg,37.31687537334339,33.3981747926928,29.284949833963807,71.10952882455067,81.34433434180964
pinwinos67.jpg,32.35117260245843,33.89751550410751,33.75131189343406,64.67938591452206,62.129443678513084
pinwinos68.jpg,35.00591375641616,33.31153654883596,31.682549694747884,72.9903355417688,77.38548177083334
pinwinos69.jpg,29.668437589762537,34.31596194708731,36.01560046315016,31.48649822559232,27.242362706801472
pinwinos7.jpg,33.68149655552789,33.337736012334176,32.98076743213793,79.81719611672794,80.80562704248366
pinwinos70.jpg,30.26783516204987,34.372807674802694,35.359357163147436,45.26421377144608,40.06238670598448
pinwinos71.jpg,32.563772131112955,32.94074867731533,34.49547919157172,47.40762197457108,46.27426023794935
pinwinos72.jpg,34.40381790677404,33.21163981287237,32.38454228035359,73.27653696895426,76.14024650224674
pinwinos73.jpg,42.175953863704194,32.172035003179374,25.65201113311644,54.76064357383579,73.63944897620507
pinwinos74.jpg,34.199292409779574,33.43359544776286,32.36711214245756,56.26490406709559,57.95438751021242
pinwinos75.jpg,35.349370661688255,33.66844111939742,30.982188218914324,39.021304700265524,41.72711365145017
pinwinos76.jpg,32.71687666417283,33.86650666632098,33.4166166695062,60.63460637510212,59.0387730417688
pinwinos77.jpg,29.977156125247433,33.97889460406219,36.043949270690376,41.374253216911775,36.32927613102533
pinwinos78.jpg,34.038725237453285,33.221005172566855,32.74026958997987,85.78025141697304,88.02882359323938
pinwinos79.jpg,33.56025292611883,33.31852950263489,33.121217571246284,71.46356815512664,72.04804591758578
pinwinos8.jpg,40.08556870767195,31.47564048998821,28.438790802339835,45.42841254340278,57.72385397518382
pinwinos80.jpg,34.87690086843639,33.85583627303951,31.267262858524113,52.913884740093955,55.58512720843546
pinwinos81.jpg,31.722293747051257,33.686810220274225,34.590896032674515,55.58637663398692,52.27221520118464
pinwinos82.jpg,32.90026709356385,33.40402376478405,33.69570914165211,52.31157641441994,51.4786030688317
pinwinos83.jpg,34.70912957135414,33.03580599436639,32.25506443427947,66.2129930683211,69.65935712826797
pinwinos84.jpg,34.466775043160695,33.28167593936938,32.25154901746993,85.04705946180556,88.54711754493464
pinwinos85.jpg,33.65060199970646,32.846903260117486,33.502494740176054,56.74970383986929,57.631302019505725
pinwinos86.jpg,37.75355662636415,33.407059399941446,28.8393839736944,63.50525269352533,73.726216235192
pinwinos87.jpg,35.08315133308617,33.509204845750396,31.407643821163433,72.92167490042893,77.39695063572304
pinwinos88.jpg,28.13319829415699,34.55458042029473,37.31222128554828,39.96305849162582,32.4472531786152
pinwinos89.jpg,32.6843687352099,33.49454798875151,33.821083276038586,39.15170196333742,38.20678327971814
pinwinos9.jpg,33.10068537711004,33.813533172929176,33.085781449960784,59.12251136131537,58.38763116574755
pinwinos90.jpg,33.59934348055313,33.327880602038626,33.07277591740825,53.57062078737746,54.09137401705474
pinwinos91.jpg,36.235698681816665,32.57941702248348,31.184884295699856,62.315437346813724,69.30042668760213
pinwinos92.jpg,34.133895262973226,33.25241319614518,32.613691540881604,52.18469222324347,53.71873053257762
pinwinos93.jpg,37.78670140730263,32.158553631161865,30.0547449615355,59.44993968290442,69.82993068321079
pinwinos94.jpg,32.36809267817989,33.80567273938285,33.82623458243725,62.47251231872958,60.07327920751634
pinwinos95.jpg,33.62859590104516,33.65468761666036,32.71671648229447,63.845696742238566,64.33034939236111
pinwinos96.jpg,29.550019809215915,33.87126670223999,36.57871348854409,61.685126889297386,53.31010901756537
pinwinos97.jpg,34.71362051795238,33.43647501365938,31.84990446838824,68.78679661968955,72.14895067401962
pinwinos98.jpg,33.261744032774054,33.2075345349402,33.530721432285745,74.27467033037173,74.16395207822713
pinwinos99.jpg,35.98091724499124,32.975872641065585,31.04321011394317,67.10632148692811,73.75130718954249
montanas0.jpg,36.371838853157044,33.56139963769452,30.06676150914843,46.75077614379085,51.787675206801474
montanas1.jpg,32.163381584935905,33.004450736131155,34.83216767893294,42.87332675908905,41.21733685661765
montanas10.jpg,34.24978798125159,33.408352661286955,32.341859357461445,77.40998423457924,79.89140561172387
montanas11.jpg,40.090747766802934,31.88099813009952,28.028254103097545,38.644938789317806,48.93117372600082
montanas12.jpg,39.809828338011265,33.161598271588566,27.02857339040017,52.393713937397884,65.0080863204657
montanas13.jpg,51.67451361487748,37.63987958064816,10.685606804474352,27.624688840379907,45.79293747446896
montanas14.jpg,37.253914078383254,32.857210829138616,29.88887509247813,68.49705595128677,78.59312161713645
montanas15.jpg,35.733845115870636,32.65490673986772,31.611248144261644,48.79141550500409,53.32942484936684
montanas16.jpg,37.0168960498989,32.869803053970884,30.11330089613022,45.47866434334151,51.7741086473652
montanas17.jpg,37.448305809676114,34.45818982842886,28.09350436189503,45.198253038194444,51.45410986008987
montanas18.jpg,33.645511729197885,32.44967758624861,33.9048106845535,50.30275320414624,51.25474334916258
montanas19.jpg,46.363821321988006,32.63094585384443,21.005232824167564,27.30517386642157,41.22051259957108
montanas2.jpg,30.733509427280858,33.588479038364596,35.67801153435454,47.78767552593955,43.337281390420756
montanas20.jpg,46.3433768256028,32.69962057847076,20.957002595926436,27.42013218698938,41.34308746936274
montanas21.jpg,40.323337559324884,33.54846811152035,26.12819432915477,41.84861589818219,52.5671399484273
montanas22.jpg,33.643899164598785,33.92913016335901,32.4269706720422,46.475226268892975,46.75736443014706
montanas23.jpg,30.026545820374395,34.8300868327396,35.143367346886,57.27454267514298,50.02796543096405
montanas24.jpg,38.7752408365008,33.862246589235504,27.362512574263697,42.52387599571078,50.76895169526144
montanas25.jpg,32.72882096751878,27.646796601118428,39.62438243136279,30.38143924887664,31.258787147671573
montanas26.jpg,34.13119039941619,32.956159889239466,32.912649711344336,71.54313342524512,73.82203010110295
montanas27.jpg,32.00168012391565,33.922542615384415,34.07577726069994,42.68221571180556,40.472412428513074
montanas28.jpg,31.18243453083004,33.59753930666021,35.22002616250976,27.420437602124185,25.29188751021242
montanas29.jpg,22.580038708586137,31.454702699999853,45.96525859141401,56.36826522926879,36.59376053155637
montanas3.jpg,30.394939777642293,30.257493912681166,39.34756630967654,39.31763684640523,36.226419526143786
montanas30.jpg,34.56050530916136,33.683456448327945,31.756038242510698,52.75668275122549,54.9153728809232
montanas31.jpg,35.562111967042576,33.51374735717687,30.924140675780553,62.17410609426062,67.09700712316176
montanas32.jpg,36.52503336157267,33.66213927052412,29.81282736790321,51.171733302696076,56.921167470894616
montanas33.jpg,39.25835304665058,33.85080225425461,26.890844699094806,42.09406849979575,51.03152924581291
montanas34.jpg,35.70455764235965,34.77902300511544,29.51641935252491,51.297127119076805,54.98459807751225
montanas35.jpg,34.70822136573763,37.30015569953713,27.991622934725243,46.07285826439951,46.72964728860294
montanas36.jpg,35.39193896329647,33.20824740411326,31.399813632590273,51.53753829656863,55.41427727992239
montanas37.jpg,42.41738390919891,34.114456724002025,23.468159366799068,45.05458665236929,59.949521931168306
montanas38.jpg,30.17450601781174,33.703498412430804,36.121995569757445,55.19239653543709,48.94656894658905
montanas39.jpg,33.04549844797389,34.738910517446065,32.215591034580044,42.11271988613154,41.18204241983252
montanas4.jpg,37.69418606184827,26.92398650565878,35.381827432492955,20.651745366115197,25.37355749591503
montanas40.jpg,34.38644859718958,33.12489667045544,32.48865473235498,20.465814248876637,21.247464767156863
montanas41.jpg,36.38545730492678,32.23212481358537,31.382417881487847,44.46235543045343,49.85294436785131
montanas42.jpg,36.31161236599089,34.62009813127992,29.068289502729193,40.98142648335376,44.888597515829254
montanas43.jpg,36.01921615827787,33.35883143947619,30.621952402245935,46.396785641339875,50.88065480749592
montanas44.jpg,34.36402877525355,30.32673502706119,35.30923619768526,29.990741804534316,31.927727992238562
montanas45.jpg,31.783948455453054,33.917873005483564,34.29817853906338,43.833101639093144,41.229997063929744
montanas46.jpg,28.194178377333696,32.914439496716376,38.89138212594994,36.694800283394606,30.282254646650333
montanas47.jpg,34.266748375092426,33.16646907741817,32.5667825474894,50.53797264348448,52.30202205882353
montanas48.jpg,45.88151212258039,39.194053320335975,14.924434557083636,28.829329427083334,40.45887714460784
montanas49.jpg,34.862624225327956,33.85469234958984,31.282683425082208,47.944645820567814,50.349150773590694
montanas5.jpg,37.98281773630196,33.06086814238227,28.956314121315767,50.01264808006536,58.643403096915854
montanas50.jpg,51.66476078878163,31.808087832783468,16.52715137843491,40.22771458843955,70.4521746068219
montanas51.jpg,33.741904121639514,34.77703064349102,31.481065234869476,57.59940831801471,57.71946486928105
montanas52.jpg,46.69146072836564,34.00874091623304,19.299798355401325,44.39862579146242,66.75674434487338
montanas53.jpg,32.75654119188216,33.788699336675855,33.45475947144199,49.29424913194445,48.097633591196896
montanas54.jpg,34.9183319769465,33.93234817494423,31.14931984810927,49.99051106770833,52.558777892667486
montanas55.jpg,36.158154861434184,31.526602695236527,32.315242443329296,58.32023143892973,65.30674115349267
montanas56.jpg,33.178936413336096,33.608229774496145,33.21283381216776,76.22065014808007,75.62915102890115
montanas57.jpg,33.07589779496866,33.99748633124103,32.92661587379032,45.3910679636438,44.72090801164216
montanas58.jpg,37.33297841963502,35.203388343017984,27.463633237346997,37.633807572508175,42.406688814848856
montanas59.jpg,35.32011375340807,32.63497935963572,32.04490688695621,51.25536790236928,55.25677562040442
montanas6.jpg,37.74027150221656,30.383738254858482,31.875990242924956,46.85310202205882,55.8316667943219
montanas60.jpg,29.58841041866012,35.30535530846778,35.1062342728721,63.2473486008987,54.08154328788807
montanas61.jpg,31.909061325533415,33.09114767717881,34.999790997287775,45.66772971558415,43.46402292687908
montanas62.jpg,33.374622479078155,34.32911705900833,32.29626046191352,42.78215890522876,42.47858583537582
montanas63.jpg,37.599730718747026,33.75493994870721,28.64532933254576,43.17078195210376,49.69504729626225
montanas64.jpg,45.60603759854299,32.60444850348752,21.789513897969496,40.34196793300654,59.629534952001634
montanas65.jpg,38.01507585923669,33.298127940005614,28.686796200757698,62.2840229907067,72.95304106668709
montanas66.jpg,38.363709136886804,35.10793066905376,26.52836019405944,49.73451829299429,57.970060061785134
montanas67.jpg,29.35656315805067,33.600893025574265,37.04254381637506,36.40715794781455,31.299320555044936
montanas68.jpg,32.01857791157955,36.30950248649481,31.67191960192564,45.82724705116422,42.61318582771651
montanas69.jpg,37.83926453159199,33.414463277418584,28.746272190989426,56.983818742340695,66.30147122651144
montanas7.jpg,33.33333333333333,33.33333333333333,33.33333333333333,42.95984987745098,42.95984987745098
montanas70.jpg,36.576082296146744,33.61320620415485,29.810711499698407,39.99500772314134,44.580857779309646
montanas71.jpg,31.07506645872932,35.25764826743579,33.66728527383489,47.294183070363566,42.84049160028595
montanas72.jpg,37.0063661978444,34.004785519735684,28.988848282419905,45.97867040696487,51.80552045036765
montanas73.jpg,34.91091081382444,34.70686668040765,30.382222505767913,47.87823542177288,49.9878599877451
montanas74.jpg,36.597269340553886,33.47441283183545,29.928317827610663,70.42974973192402,78.64917279411765
montanas75.jpg,29.628996353505165,33.263606039203644,37.10739760729119,34.765623085171576,30.29539100796569
montanas76.jpg,35.17027930806144,33.46015286261051,31.369567829328048,59.98607792075163,63.87038398692811
montanas77.jpg,38.5830629938856,36.54452772581092,24.872409280303483,40.01163800806781,46.390614787581704
montanas79.jpg,29.50284671006433,33.71258355107205,36.784569738863624,35.801059857536764,30.92855870863971
montanas8.jpg,34.43963312346201,30.669484909242968,34.89088196729502,36.13498391544118,38.4559263939951
montanas80.jpg,32.95722385622567,31.117070721614976,35.925705422159346,17.34557164011438,17.445803015216505
montanas81.jpg,33.61838797621553,33.92667236552002,32.45493965826445,42.32897869434232,42.541837405535134
montanas82.jpg,34.89819420420163,34.17548549332477,30.9263203024736,44.89318129595589,47.0665629467933
montanas83.jpg,40.58680437598372,33.86447625564028,25.54871936837601,36.411805236417486,45.975014042075166
montanas84.jpg,43.9541084477318,36.99885623027892,19.04703532198928,44.080109719669125,59.76360677083334
montanas85.jpg,24.27738045849155,30.813375257220894,44.90924428428756,45.53406830831291,32.24767412173203
montanas86.jpg,34.57432335755563,34.53023027538689,30.895446367057485,48.633175359987746,50.271556181066174
montanas87.jpg,32.868109604484665,35.48027532140512,31.65161507411021,48.20010371987337,46.546333422691994
montanas88.jpg,33.571567431832015,35.51050361111843,30.917928957049558,40.51088739532272,40.09871897977941
montanas89.jpg,39.08485085382971,33.73798639669749,27.177162749472807,42.937374578737746,51.82104236877043
montanas9.jpg,37.45429331028005,31.726116888845663,30.819589800874287,41.036338656556374,47.86999336192811
montanas90.jpg,41.44321591698213,34.81486785158402,23.741916231433848,42.60892086652369,54.73530528747957
montanas91.jpg,38.17021273654518,33.827481744949026,28.002305518505793,50.99544334660948,59.745686848958336
montanas92.jpg,27.45867864222929,35.73399840391457,36.80732295385614,27.972210414113565,21.87563604217729
montanas93.jpg,36.631211212233374,32.795833446868194,30.572955340898428,62.907380706188725,70.76449493208742
montanas94.jpg,34.97496368595426,33.3846801759922,31.640356138053544,53.25448740042893,56.36102462469363
montanas95.jpg,33.526331750883145,33.13479934568579,33.33886890343106,72.11708665236928,72.76476619944853
montanas96.jpg,33.10731496862827,32.940939175333725,33.95174585603799,45.062220754187095,44.85023775786357
montanas97.jpg,41.768885877188005,35.84088022460713,22.39023389820486,24.812121821384807,31.897313495710783
montanas98.jpg,29.953818232860367,32.23450838266328,37.81167338447635,73.1427153543709,65.1204806857639
montanaslocated-9167925578.jpg,30.331010944878845,36.73034457420104,32.93864448092012,45.83170636744281,39.869550717422385
Banana0.jpg,29.04906955614901,37.83180775237231,33.11912269147867,68.79512165543301,56.41736781301063
Banana1.jpg,28.076562538967075,35.51785904969425,36.405578411338674,94.51391569648693,75.95743208741831
Banana10.jpg,17.76449127348797,43.834939108962764,38.400569617549266,63.38580027062909,28.691954529207518
Banana11.jpg,12.95372939895012,37.59707191408995,49.449198686959924,62.383781403186276,21.07996610753677
Banana12.jpg,29.186520086626405,34.42667073914785,36.386809174225746,91.38509912428513,77.44479262408088
Banana13.jpg,11.752735699421143,44.08236581722812,44.16489848335074,69.60586416207107,20.23460190716912
Banana14.jpg,27.6759022688927,37.41724734867386,34.90685038243344,65.2968852124183,50.82612113204657
Banana15.jpg,6.436844543765129,41.19672053742199,52.366434918812885,54.957622612847224,8.718201720792484
Banana16.jpg,20.17735991301164,39.77998493659781,40.042655150390544,48.78425596149919,26.163304547079246
Banana17.jpg,22.609810570003084,34.687954345015484,42.70223508498144,73.65322552849265,46.63429872600082
Banana18.jpg,19.504559591730196,37.8916966384488,42.60374376982101,63.68997810712827,33.38763052747141
Banana19.jpg,29.07418695486041,34.599610638174696,36.32620240696489,90.68841656454249,76.45657456341912
Banana2.jpg,30.74540543666394,34.01375543122704,35.240839132109016,86.29091030943627,78.0030956392974
Banana20.jpg,23.347357555029095,37.37108141317324,39.28156103179766,89.29800059997957,57.36271382250817
Banana21.jpg,30.450066817654314,28.07170637466937,41.47822680767631,62.402615017361114,58.72814159517974
Banana22.jpg,3.2344276234071843,42.09348348996387,54.67208888662894,56.199114710988574,4.388037747651144
Banana23.jpg,27.079373460672702,34.67620103654502,38.24442550278228,68.34297960069445,53.062939453125
Banana24.jpg,7.248433193475183,41.36337609380251,51.38819071272231,52.949630118974675,9.482414534824347
Banana25.jpg,32.20076047077284,33.536732483024636,34.26250704620252,82.06244255514706,78.69214473549837
Banana26.jpg,14.5845575685019,39.35045705797939,46.06498537351871,78.9101974188113,29.862459150326796
Banana27.jpg,23.155166403436063,39.98006158938958,36.86477200717435,41.74637714460785,26.03240591809641
Banana28.jpg,13.873822811225017,37.55193322112086,48.57424396765412,51.691192427491835,18.797887305964053
Banana29.jpg,25.220554676667383,35.800297846386506,38.97914747694611,86.1489417381536,61.05425985498366
Banana3.jpg,28.164248438634303,35.15648273206732,36.67926882929838,91.74023724724265,74.2094442529616
Banana30.jpg,22.45244861796429,37.420207205952835,40.12734417608287,63.14678244995916,38.81728994332108
Banana31.jpg,15.678803076750489,40.44385034951648,43.87734657373303,41.88566431781046,16.992203456903596
Banana32.jpg,12.777927695859084,40.43268994760433,46.78938235653659,80.40730124080882,26.222075737847224
Banana33.jpg,31.044310966213935,33.84668490853299,35.10900412525307,79.43656715941586,72.73457765267565
Banana34.jpg,18.074832145335602,34.06168683035853,47.86348102430586,64.66713899101308,32.13726256127451
Banana35.jpg,28.36808427816812,34.3343620687419,37.297553653089984,77.92559646905637,64.00277713950163
Banana36.jpg,16.035700718699466,37.50147735199248,46.46282192930805,58.57872083078023,24.892573018790852
Banana37.jpg,26.930331158789585,35.72927819388983,37.34039064732059,90.52716184129903,69.24183676725899
Banana38.jpg,14.343201192674613,38.559662513562856,47.09713629376254,47.43001653135213,17.737056717218138
Banana39.jpg,11.24644386267898,36.63119145504203,52.122364682278985,39.27857434640523,11.512398514093139
Banana4.jpg,27.856258392176475,34.54677787754005,37.59696373028347,79.36833288654005,63.72035941329657
Banana40.jpg,24.979524348660956,31.711402501916464,43.30907314942258,65.40736602583742,47.50332861008987
Banana41.jpg,31.579141895644113,35.84468787296519,32.5761702313907,42.30508355034723,38.85888129340278
Banana42.jpg,7.80481826000501,42.55656810100792,49.638613638987074,60.72495181015115,11.641089984170753
Banana43.jpg,27.813440524736325,33.90089394379152,38.285665531472155,75.54980021956699,60.87447629442403
Banana44.jpg,26.023635679415523,35.88978732916498,38.0865769914195,80.80961626838236,59.36518267463236
Banana45.jpg,15.276783404759206,38.222383670020115,46.50083292522068,60.28398277930965,24.18203444138072
Banana46.jpg,17.783127796860246,37.860444281896456,44.3564279212433,76.48513646343955,36.25547194138072
Banana47.jpg,26.666202353941927,35.29817463751106,38.03562300854701,88.18944738051471,66.93236730238971
Banana48.jpg,22.84072463740833,35.87023448923078,41.28904087336089,68.06023029003269,43.17385014552697
Banana49.jpg,26.444924500290153,35.34768180240441,38.20739369730544,85.95192663654002,64.59322789011438
Banana5.jpg,29.983302649999015,32.72484221448494,37.29185513551604,53.724573631535954,47.68844879748775
Banana50.jpg,14.244293789508475,36.893219000408266,48.86248721008325,63.396160130718954,23.829547079248368
Banana51.jpg,25.821650456966516,35.456317892069656,38.722031650963835,88.86353400735295,64.9364998212827
Banana52.jpg,6.993296122705965,39.863041917885425,53.14366195940862,49.08605175142974,8.563041896446078
Banana53.jpg,14.225585983793119,36.417203802511025,49.35721021369586,49.646078750510625,18.707836754493467
Banana54.jpg,28.871167212808103,33.97930976298687,37.14952302420503,75.08414745455475,63.11150173611112
Banana55.jpg,23.604031871555645,36.176999800629915,40.21896832781444,84.13939121221406,55.23603419883579
Banana56.jpg,29.383451145593938,34.70997620161132,35.90657265279474,70.03228592218139,59.713393586601306
Banana57.jpg,19.97369492936931,37.23386186823016,42.792443202400534,66.4681583180147,35.94919800602533
Banana58.jpg,12.175994362755254,41.606910244915966,46.21709539232878,42.24444667841095,12.979368681066177
Banana59.jpg,12.034084830970684,39.441098743905215,48.5248164251241,72.38931302338645,22.316225298713235
Banana6.jpg,24.108014987096606,37.26267830441561,38.62930670848778,78.26699059180963,52.15641371783089
Banana60.jpg,41.69870000592895,34.54843622594122,23.752863768129835,61.59939299938726,79.89815123314952
Banana61.jpg,27.787617750245964,35.05022007000213,37.16216217975191,89.73182636335785,71.53655056423612
Banana62.jpg,25.755192456804476,32.887426467356434,41.357381075839086,48.97326197406046,36.445949818729574
Banana63.jpg,30.70518152111123,34.259587263323496,35.035231215565275,94.15733219720181,84.81463311887255
Banana64.jpg,18.854924008810485,38.148189261967254,42.99688672922226,36.94323044321896,18.624288641237744
Banana65.jpg,2.888633282765971,41.28110502914508,55.830261688088946,71.38174849366831,4.997958792892157
Banana66.jpg,18.804503747818114,36.849043726377175,44.346452525804715,57.316369868259805,29.10268522773693
Banana67.jpg,25.988542043003577,36.19511997298983,37.816337984006594,70.03513582516341,51.24384382659314
Banana68.jpg,14.264232111118849,39.97335598093862,45.76241190794253,81.81112419577205,30.093516710069448
Banana69.jpg,30.511184805408547,33.62228134421549,35.86653385037597,84.22762012357026,75.72094535079657
Banana7.jpg,3.3409885565504096,38.99770226519989,57.661309178249695,53.144549760008175,4.38241357741013
Banana70.jpg,22.041753684039836,35.84347526284032,42.11477105311984,57.842166756025335,35.270016659007354
Banana71.jpg,29.26143081029392,34.289195193163295,36.44937399654278,93.89419806985296,79.95435017105801
Banana72.jpg,26.40878610803739,35.613748047987734,37.977465843974876,89.70863970588235,67.16501959507762
Banana73.jpg,10.886595091316153,47.97484015862343,41.13856475006042,48.9595578661152,12.781952742034314
Banana74.jpg,13.40187580610262,41.231500734412954,45.36662345948442,51.634648182189544,17.608678959865195
Banana75.jpg,28.534255136459315,33.734581404101064,37.73116345943963,59.20886948529412,49.202034824346406
Banana76.jpg,6.155036294061661,44.12311046105224,49.72185324488609,50.703208933312915,7.526177938623366
Banana77.jpg,20.024492208475035,36.71963149372651,43.255876297798466,62.36579350490196,33.9595316967933
Banana78.jpg,24.00707596189529,35.86141768949833,40.13150634860638,82.34250982945262,55.23615993923612
Banana79.jpg,26.945789146584737,35.93450416104124,37.119706692374024,41.68909632863562,31.85386603860294
Banana8.jpg,10.56927340867804,41.572558652102245,47.85816793921971,60.489684819240196,16.016133706086602
Banana80.jpg,18.259601352295977,34.56979794485104,47.17060070285298,42.43701363357844,21.23982715482026
Banana81.jpg,26.188084038722696,33.65838389249938,40.15353206877793,63.26004678564134,47.67241530075572
Banana82.jpg,16.24614999953197,38.630172675654606,45.12367732481342,80.48218826593138,34.391131152982034
Banana83.jpg,25.059598558388075,35.209146356735864,39.73125508487606,60.53203093086193,42.84698925142974
Banana84.jpg,10.73057590993808,37.94344868136123,51.325975408700685,52.812238625919115,14.588005833843955
Banana85.jpg,17.23118964328969,37.5433484191568,45.22546193755352,57.930096954146244,26.597756140216507
Banana86.jpg,23.79514546287762,36.34555842572185,39.85929611140053,87.8835155611724,58.14202090992647
Banana87.jpg,13.234887297580238,37.47255933695237,49.29255336546739,59.47140203737745,20.57907858455882
Banana88.jpg,18.759090919565786,36.872745723811484,44.36816335662274,57.31102877348857,29.018305759803926
Banana89.jpg,25.92826814301911,35.5352278062154,38.53650405076549,78.39261259191177,57.53164828431373
Banana9.jpg,11.611720230508487,38.94620164390874,49.44207812558277,72.82192350898693,21.695627808415036
Banana90.jpg,21.89430960297577,36.80995504205247,41.29573535497176,75.12810617085375,45.12315921160131
Banana91.jpg,15.225180817458995,42.399381369539704,42.375437813001305,53.74951235702615,20.825377859477125
Banana92.jpg,26.019787275291346,35.4536412107769,38.52657151393175,87.04890918607026,64.16434908598856
Banana93.jpg,27.07465983530143,35.19568070213517,37.729659462563404,33.25140261182598,25.686047602634805
Banana94.jpg,24.206311512109806,37.6865722796765,38.10711620821369,70.11201778237337,46.79766773897059
Banana95.jpg,12.626280871762091,38.1389476889076,49.234771439330316,48.91433408649919,16.02058153339461
Banana96.jpg,5.441344171790429,40.83004507974097,53.72861074846861,46.74331884446487,6.256576478247549
Banana97.jpg,20.762419197695976,35.639556290065514,43.59802451223852,77.41115419475082,44.24558663960376
Banana98.jpg,22.74554750894379,36.95163055543932,40.30282193561688,84.89380297691993,53.142489404616015
Banana99.jpg,22.09002626186524,35.8876246881228,42.02234905001196,65.49291673049429,40.01906307444854
koala0.jpg,29.817748764235567,34.98956332557693,35.1926879101875,34.172909326491016,29.566376570159314
koala1.jpg,22.492490600574104,34.219909570032776,43.287599829393116,34.29471794577206,21.669915173100495
koala10.jpg,31.333069621312777,34.29363518263598,34.37329519605124,45.74530962775736,42.182861647263074
koala11.jpg,32.05522946618924,33.41080763770381,34.53396289610695,49.63229485804739,47.361535245608664
koala12.jpg,32.30640651269031,33.615318679148345,34.07827480816135,41.36119408700981,39.76334475847631
koala13.jpg,30.63888156750802,34.037711205429034,35.323407227062944,48.63167413449756,43.78176189746733
koala14.jpg,28.850680048577726,34.779819438091195,36.36950051333108,38.325454133476306,31.97696940104167
koala15.jpg,31.917318868778054,33.42788696581471,34.65479416540723,39.91247797947304,37.8881041283701
koala16.jpg,28.99939253763632,36.281047839273945,34.71955962308973,42.6474235983456,35.34810017105801
koala17.jpg,30.54026113991524,34.75229675577691,34.70744210430784,28.971281084048204,25.81864372702206
koala18.jpg,32.231350293790484,32.917032538823754,34.85161716738576,31.121158535028595,30.01532852073121
koala19.jpg,23.953445638611864,38.84652757552936,37.200026785858775,39.59933587367239,25.87701822916667
koala2.jpg,31.014175494091177,34.476303702296214,34.50952080361262,46.436500778696896,42.25169813368056
koala20.jpg,30.13234175654761,34.537928174571235,35.329730068881155,48.4521075878268,42.60184685202206
koala21.jpg,35.09019452074498,34.509617972852304,30.40018750640272,64.5428382225286,67.91851734834559
koala22.jpg,29.628194889214605,34.473368644210396,35.89843646657499,40.1113929100286,34.60071710324755
koala23.jpg,31.055771168853973,35.01134913649515,33.932879694650886,48.14754518995099,43.67485479217729
koala24.jpg,31.26518499782574,33.59250902057009,35.14230598160417,39.08378619025736,36.16952135671978
koala25.jpg,30.07166872495447,33.32197690440456,36.60635437064097,32.66419749540441,28.941505501940362
koala26.jpg,30.278940127005495,35.17899296695969,34.54206690603482,56.38064140369689,49.57843105341095
koala27.jpg,30.684664677967323,34.17503383071978,35.140301491312904,42.02601932700164,37.855089933108665
koala28.jpg,32.03297050164775,33.51191003512694,34.455119463225316,48.047359451593145,45.77410226460376
koala29.jpg,32.26628045371462,34.199780308846286,33.533939237439085,53.233474073223036,50.847854753880725
koala3.jpg,24.64307104563724,37.73436218072197,37.622566773640784,38.46831150428922,26.17987132352941
koala30.jpg,38.160808488869705,35.675095370650936,26.16409614047936,32.202856924019606,37.11478151807598
koala31.jpg,30.463836733219523,35.06162066255361,34.47454260422687,43.912099162581704,38.92997791564543
koala32.jpg,30.163182938117217,32.932240515621594,36.90457654626119,45.0777729907067,40.217768331290856
koala33.jpg,31.83759553333,33.11385181807541,35.04855264859459,75.34724232792075,71.5278049045139
koala34.jpg,28.272097655892903,33.58611344618401,38.14178889792309,18.971485013276144,15.590348626429739
koala35.jpg,35.30109360792919,34.137244067421705,30.56166232464911,35.74494581035539,38.00750357434641
koala36.jpg,33.28001316378051,33.160694924698596,33.559291911520894,48.72753874336193,48.70794111264298
koala37.jpg,25.389256767951533,35.87348986929247,38.73725336275599,36.17423438776552,25.8461789598652
koala38.jpg,29.684599381949067,35.23177374366209,35.08362687438884,48.91025422538807,42.0207053589665
koala39.jpg,30.550986252996953,33.61289332774288,35.83612041926016,47.78510327308007,43.029699627246735
koala4.jpg,31.882747509478243,33.28438903986328,34.83286345065848,53.95244108711193,51.2124387254902
koala40.jpg,31.1848311252147,37.82031145588191,30.994857418903393,54.15119389552696,48.21796779258578
koala41.jpg,28.637165566993172,34.54973954229382,36.813094890713,38.598249527675655,31.991814427593955
koala42.jpg,31.517168680966407,34.263250097370666,34.219581221662935,54.35495334201389,50.47904507506127
koala43.jpg,29.051820913485404,35.356107574566245,35.59207151194835,52.85488217422386,44.24065914777369
koala44.jpg,31.841423968439297,33.75537192613544,34.40320410542526,42.200621680964055,39.832428896037584
koala45.jpg,32.096924586139835,33.38299676541071,34.520078648449456,49.75779398999183,47.56634337979984
koala46.jpg,27.895705027133445,35.632168027943464,36.4721269449231,45.65502004187092,36.388251889297386
koala47.jpg,31.25907144162916,33.958149012014076,34.782779546356764,42.088440180759804,38.80899043862337
koala48.jpg,32.75600388834955,32.9358734880665,34.308122623583955,51.774942555147064,50.88778499029821
koala49.jpg,36.35554502594624,33.4859524684831,30.15850250557066,35.075196269914215,38.84616555606618
koala5.jpg,28.7475886828259,35.5487411662539,35.70367015092021,65.4772585401348,54.05878619025736
koala50.jpg,28.276188833905174,33.58001466074777,38.14379650534705,18.83729607077206,15.482217307495914
koala51.jpg,31.170061589212146,31.897272715628993,36.93266569515886,46.61754940257354,43.60949148539625
koala52.jpg,22.547043699734765,36.146342289985704,41.30661401027953,39.91998123468137,24.90589639501634
koala53.jpg,23.337119892897608,40.03240635179843,36.63047375530396,16.85060157526552,10.598480264501633
koala54.jpg,30.825718417288183,34.70686177337828,34.467419809333535,50.80410634957108,45.79984138837827
koala55.jpg,31.08137406084641,31.919260226062214,36.99936571309138,46.46261042177288,43.31015561172386
koala56.jpg,30.706875531537452,33.73186016927197,35.56126429919057,45.867034632863565,41.50477558210784
koala57.jpg,31.7646466280944,34.390466292281204,33.8448870796244,48.21295062295752,45.137340750102126
koala58.jpg,30.444025110410777,33.93114753242598,35.62482735716324,53.65230672998367,47.98225305095997
koala59.jpg,25.368926865059077,36.94341131315686,37.68766182178406,34.46719388276144,24.39193123212827
koala6.jpg,31.34725535894639,34.114185212133435,34.53855942892017,47.351291870915034,43.75403582005719
koala60.jpg,28.420315100610082,35.596224392164466,35.98346050722545,49.27097439236111,40.129387510212425
koala61.jpg,28.89614706101216,34.789019205936086,36.314833733051756,45.71128025428922,38.201783343545756
koala62.jpg,29.020115887660715,36.45521442434861,34.524669687990674,42.80376614838644,35.46112451491013
koala63.jpg,27.711944372025044,35.93622872375803,36.35182690421693,49.026120812908495,38.68185795802696
koala64.jpg,31.59928889300727,34.35984090182232,34.04087020517041,50.508787147671576,47.014379723243465
koala65.jpg,31.05681294416166,34.75159932717145,34.191587728666896,44.78563655279821,40.714491421568624
koala66.jpg,30.993595499709215,35.54009149454265,33.46631300574814,41.04289598651961,36.97834935406455
koala67.jpg,37.24800593616427,32.65754294118767,30.094451122648053,44.00782877604167,50.573591324550655
koala68.jpg,31.963739669966557,33.58739095531553,34.448869374717916,48.066268382352945,45.646182789522065
koala69.jpg,26.230525024588854,33.795648752786875,39.973826222624275,25.334620417177288,19.105620659722224
koala7.jpg,27.95696864690827,35.82071322987429,36.222318123217434,41.680684487336606,33.25126953125001
koala70.jpg,28.177523169510827,35.86527798247974,35.95719884800943,48.86671677134396,39.32146012050654
koala71.jpg,29.77436818027058,35.0133388744363,35.21229294529312,51.54431838490605,44.521042687908505
koala72.jpg,24.762581863648926,37.86214375797575,37.37527437837532,50.34357319750817,34.41343730851716
koala73.jpg,32.12346912040287,34.982537563637415,32.893993315959705,34.09747242647059,32.186171109068624
koala74.jpg,26.316966562137225,33.75540882302773,39.92762461483505,25.38587271497141,19.222193180657683
koala75.jpg,32.81122171205997,33.385044470453145,33.80373381748689,85.0231138939951,83.41447227328433
koala76.jpg,30.261898762804307,36.1171659965199,33.62093524067579,43.34006044475082,37.79534409466912
koala77.jpg,31.119443552222176,33.84294880510529,35.03760764267253,49.612949665543304,45.55766346252043
koala78.jpg,31.509033442073225,34.190142953360144,34.30082360456663,44.992798968545756,41.79963745915033
koala79.jpg,30.614766997846488,35.24517126197171,34.1400617401818,32.411278339460786,28.854314427593952
koala8.jpg,28.656450418128106,36.14260355029586,35.20094603157604,37.55408847783905,30.741319125306372
koala80.jpg,30.021170807329266,32.519851023623964,37.45897816904677,29.857882072099674,26.588084022671573
koala81.jpg,31.581447770888154,32.638013767006555,35.78053846210529,15.203410309436276,14.361629710477942
koala82.jpg,30.1574273544725,35.83608184485013,34.006490800677376,43.65457292943219,38.00296479268791
koala83.jpg,29.31675408177477,33.29903050015781,37.38421541806742,48.40731655943628,41.66162939133987
koala84.jpg,32.259035932915864,33.28928328779059,34.45168077929354,39.05239768433415,37.57815659466912
koala85.jpg,33.38596535392198,33.64899054260319,32.96504410347483,69.21662007250818,69.15498812806372
koala86.jpg,30.882378780272973,33.81443367068942,35.30318754903761,55.858123659620105,50.84765561172386
koala87.jpg,35.99130093569854,34.90171062504947,29.106988439251992,35.10833205678105,37.95647531147876
koala88.jpg,31.230195492545437,34.493067216231196,34.27673729122336,57.34711148131127,52.59013256995507
koala89.jpg,26.566590782673398,34.16432827124214,39.269080946084465,39.54495698018791,30.167535041360296
koala9.jpg,32.56898013479809,33.603428646451675,33.827591218750236,41.34093009599674,40.12392801521651
koala90.jpg,32.289775512675284,32.791585368320504,34.91863911900422,43.40085337520425,41.98760435814951
koala91.jpg,26.31612000981965,35.67738333897063,38.00649665120972,45.53223581750409,33.93926515267565
koala92.jpg,28.29054509664003,35.21238748563444,36.49706741772554,43.01676272722631,34.95762739991831
koala93.jpg,30.849067702438465,33.47091107294916,35.68002122461238,48.58305313010621,44.299128114787585
koala94.jpg,32.93111540600278,33.602840328009556,33.46604426598766,43.27283400990605,42.555775441687096
koala95.jpg,28.156608976213242,34.92988665066397,36.91350437312279,49.170877055249186,39.839621310763896
koala96.jpg,24.42753308764666,34.971475067433744,40.60099184491959,56.48381906147876,38.92013984630311
koala97.jpg,36.316536977609246,30.504601223199064,33.17886179919169,42.59244600183823,48.38898271548203
koala98.jpg,28.902871178798723,34.89570432776034,36.20142449344094,52.106850617851315,43.52241115196078
koala99.jpg,30.252107452854105,33.63213639154159,36.1157561556043,66.05940404156455,58.79457209967321
iggy0.jpg,28.440286072632016,33.72386569484276,37.83584823252522,47.89787964665033,39.657572508169935
iggy1.jpg,31.33595061058217,34.924491869527444,33.73955751989039,40.77601358251634,37.404842920241016
iggy10.jpg,31.342327841708943,32.80310695445511,35.854565203835946,41.02311229830474,38.32600751889298
iggy11.jpg,32.83509319364011,33.56295317084332,33.601953635516566,63.30473632812501,62.06219139348448
iggy12.jpg,26.418872573660725,33.321557971124264,40.259569455215015,41.927764693116835,32.00394199346405
iggy13.jpg,32.95751648066901,33.08199669818452,33.960486821146475,75.75969701031455,74.9093434053309
iggy14.jpg,23.917506301942357,32.61232586170825,43.4701678363494,35.924532781862744,24.639439082924834
iggy15.jpg,31.207392052049375,32.3936120646384,36.39899588331223,37.59273673662174,35.06368400224674
iggy16.jpg,30.311660981415173,34.093042915164055,35.59529610342077,48.426810470281865,43.03293345332925
iggy17.jpg,28.638008108845288,32.651780281820834,38.71021160933388,46.09231770833333,38.814344937193624
iggy18.jpg,33.33333333333333,33.33333333333333,33.33333333333333,24.199729370915033,24.199729370915033
iggy19.jpg,31.54858724364567,33.53146597965357,34.919946776700755,41.039092818116835,38.3961550245098
iggy2.jpg,35.08690089510062,32.683932737513636,32.229166367385744,36.00179993872549,38.48278345843546
iggy20.jpg,33.33097855142891,33.11019010802166,33.558831340549425,63.001122089460786,63.11528799019609
iggy21.jpg,32.693945011003656,33.21157664707921,34.09447834191713,55.61789151858661,54.408888314440354
iggy22.jpg,28.69842069820503,33.521826713363495,37.77975258843148,53.143881484885625,44.53598345588235
iggy23.jpg,28.0264983589199,33.57015641951682,38.40334522156327,36.797981451695264,29.991340826695268
iggy24.jpg,24.616297353466525,35.561965761378964,39.821736885154515,33.42558306525736,23.118713937397878
iggy25.jpg,27.7825550749887,34.08751078032687,38.12993414468443,26.52832158905229,21.31353177338644
iggy26.jpg,33.22510861509433,33.350315937191574,33.4245754477141,85.94308172487744,85.59879333895017
iggy27.jpg,29.836773143985678,33.20286526635487,36.960361589659456,48.34836569393382,42.50722656250001
iggy28.jpg,34.70878868523844,33.146457555566286,32.144753759195275,47.257795266544115,49.68445031658497
iggy29.jpg,30.629083029540322,32.711586942360974,36.65933002809871,32.384680095996735,29.472144352532684
iggy3.jpg,31.307345056262893,34.38494431059125,34.30771063314586,14.332410705167483,13.18336939593546
iggy30.jpg,33.97506347792324,32.62877246353145,33.3961640585453,47.17834967320262,48.55400518280229
iggy31.jpg,34.63687259591824,35.09380448035559,30.269322923726172,50.507330601511434,52.07017176011029
iggy32.jpg,21.46364681097953,23.26442913874968,55.27192405027079,28.184003842422385,18.542438342524513
iggy33.jpg,35.178765246468565,31.224052496370696,33.59718225716074,44.67889986723856,48.532898986417486
iggy34.jpg,33.33333333333333,33.33333333333333,33.33333333333333,32.843155764910136,32.843155764910136
iggy35.jpg,36.12291104050707,32.37826218318381,31.498826776309123,69.49723498774512,77.13565474366831
iggy36.jpg,31.25417243880823,33.26777816287442,35.478049398317346,48.67870232077207,45.14720626531863
iggy37.jpg,33.613492460266535,33.891816334079316,32.49469120565415,60.618024918300655,60.927982664419936
iggy38.jpg,31.846191555254062,33.56657269918785,34.58723574555809,49.91103515625,47.20569214665033
iggy39.jpg,34.88795122698928,33.26669645209265,31.845352320918067,55.203568921058014,58.315768292994285
iggy4.jpg,29.527706178231554,33.12498141898813,37.34731240278032,38.82241944955065,33.73835082209967
iggy40.jpg,33.43654494836627,33.31488332467193,33.2485717269618,72.74364915236929,73.01978624131944
iggy41.jpg,19.044796954015297,30.764380134498325,50.19082291148638,27.597764118668305,14.914930874693628
iggy42.jpg,27.46044272896162,35.704360724118665,36.83519654691971,33.451134216707516,26.168119383169937
iggy43.jpg,29.773689487144324,33.196090257177985,37.03022025567769,34.69296587775735,30.422971877553106
iggy44.jpg,32.926501760616915,32.99696884715476,34.07652939222832,48.57522818372141,48.01879946640115
iggy45.jpg,33.33333333333333,33.33333333333333,33.33333333333333,47.609756369995914,47.609756369995914
iggy46.jpg,24.802283529298496,43.26299355868199,31.93472291201951,48.80313042534723,32.047953367544935
iggy47.jpg,33.33333333333333,33.33333333333333,33.33333333333333,55.14254174325981,55.14254174325981
iggy48.jpg,31.318058794542093,33.296151684649914,35.38578952080799,67.96708505667894,63.18352226307191
iggy49.jpg,30.435677217568134,33.22729264700978,36.33703013542208,25.232488574857026,22.692099098754085
iggy5.jpg,33.38236823766655,33.258254725388824,33.35937703694463,77.56075367647058,77.74579088796978
iggy50.jpg,32.20567641053699,32.36246991985674,35.43185366960627,46.61374591503268,45.13034077563317
iggy51.jpg,22.18904850630901,41.71327556480035,36.097675928890645,37.56336677900327,22.04786305147059
iggy52.jpg,29.546152325224785,38.65138943319534,31.802458241579867,34.84235600490196,28.94639373978758
iggy53.jpg,28.590996674175155,33.08319020777923,38.32581311804561,49.30378561580883,41.28927408854167
iggy54.jpg,25.164895750104144,32.35596434725423,42.47913990264163,27.03003216911765,19.68839390573938
iggy55.jpg,28.27021216402692,35.410305789055876,36.31948204691721,44.290771803513074,35.90441431781046
iggy56.jpg,25.15627141795208,38.47926112072896,36.36446746131897,31.965316074346408,22.1325967626634
iggy57.jpg,33.167984135046936,33.10439228577394,33.72762357917913,88.37546657986113,88.02144767412173
iggy58.jpg,27.080560909426232,36.04740019588019,36.872038894693574,48.029147837520426,36.87177734375
iggy59.jpg,22.79962951322808,40.26471313711734,36.935657349654576,40.54968596813726,24.799926279105392
iggy6.jpg,32.80581448717136,33.313410801201094,33.880774711627545,53.182636974060465,52.194474762561285
iggy60.jpg,22.79962951322808,40.26471313711734,36.935657349654576,40.54968596813726,24.799926279105392
iggy61.jpg,23.60465914466252,41.33938501397914,35.05595584135834,45.37434353298611,28.60756293402778
iggy62.jpg,26.645789557892492,40.632460512178056,32.72174992992945,55.55482664419935,40.367009740093955
iggy63.jpg,27.03777205017248,35.12164007220045,37.840587877627065,39.89646203533497,30.807572508169937
iggy64.jpg,23.34772181211803,34.75529222747287,41.8969859604091,51.00942701950573,33.4607058057598
iggy65.jpg,20.31886911530329,43.35864841925836,36.32248246543835,33.29458550347223,17.513878038194445
iggy66.jpg,14.551789793701921,46.046421703874614,39.40178850242347,47.46309455422794,17.06699665543301
iggy67.jpg,31.071392845281405,35.63491767587919,33.29368947883941,45.537095652062916,41.11223128574347
iggy68.jpg,25.268462857551064,37.61340367876546,37.11813346368347,48.63062704248366,34.0776242723652
iggy69.jpg,33.00252669158971,33.37049790246064,33.62697540594965,83.3028058619281,82.29876493566177
iggy7.jpg,33.33333333333333,33.33333333333333,33.33333333333333,39.55729804942811,39.55729804942811
iggy70.jpg,33.11548651949765,33.29575650551104,33.58875697499131,87.58222113715279,86.93295292075165
iggy71.jpg,27.957784359373093,34.42889308110512,37.613322559521784,60.80515120761847,49.06027465022468
iggy72.jpg,16.298991257557365,42.8192816536264,40.88172708881624,32.84013416564543,13.649258323120916
iggy73.jpg,34.18072024245479,32.914311491985664,32.90496826555954,37.614025160845586,38.899308108660136
iggy74.jpg,21.976967306874656,40.208231993444336,37.81480069968101,53.899288002961605,31.66062442555147
iggy75.jpg,30.84680452022524,35.68815114270944,33.46504433706532,58.71872446895425,52.543223103043296
iggy76.jpg,25.609531155841463,37.99338111961269,36.39708772454585,54.29650416156046,38.51377591401144
iggy77.jpg,29.470801524316197,34.47776337697544,36.05143509870836,43.720604511335786,37.477126416973036
iggy78.jpg,19.457448963250595,44.49151394265839,36.05103709409101,49.97278199040033,24.861069623161768
iggy79.jpg,22.204644495092364,34.197406494422324,43.59794901048531,58.40720358455883,36.38787179585376
iggy8.jpg,27.69581791949048,33.234167248712296,39.07001483179723,41.83717767054739,33.733209507761444
iggy80.jpg,27.834921805129348,33.27190530488642,38.89317288998423,39.61233947354984,32.11593871272468
iggy81.jpg,40.423153616833595,35.976750498788725,23.60009588437768,66.67964154411764,82.21543128319037
iggy82.jpg,32.94889525981077,33.19126172756632,33.85984301262291,81.56937774458743,80.5518612132353
iggy83.jpg,31.965953678936128,33.94673496875596,34.08731135230791,76.14544270833333,72.08382927389705
iggy84.jpg,19.488215872838456,34.92202888429058,45.58975524287096,49.98828667534722,26.797892731311276
iggy85.jpg,27.769480153214726,40.67283375568539,31.557686091099885,54.921646497140536,41.814135263480395
iggy86.jpg,21.624248309229692,44.48635192325928,33.88939976751103,40.18565378625409,22.44950629340278
iggy87.jpg,28.595287497303072,35.50933241788895,35.895380084807975,45.421040453942,37.28262899560866
iggy88.jpg,31.648910431671545,33.425341009541135,34.92574855878732,77.09100956137664,72.45614755667894
iggy89.jpg,34.54954602798554,33.252750733870265,32.19770323814419,43.77571455014298,45.70579107945262
iggy9.jpg,33.33333333333333,33.33333333333333,33.33333333333333,48.609523080065365,48.609523080065365
iggy90.jpg,24.871682278753454,33.58547902797929,41.54283869326726,26.183519709967324,18.613806870404414
iggy91.jpg,29.1021804099924,33.54356277465533,37.35425681535227,29.36780375561683,24.99926725898693
iggy92.jpg,15.272048221120391,44.96347147926436,39.76448029961525,45.7850790185866,17.469013927185458
iggy93.jpg,40.98705933840732,28.823376047028727,30.189564614563952,25.214801304636442,33.75741644965278
iggy94.jpg,26.35962993284744,35.858237102063924,37.782132965088636,34.938181040645425,26.053011386846407
iggy95.jpg,32.24922513131598,32.86726622863701,34.883508640047005,69.35881172130311,66.96974762561274
iggy96.jpg,22.729647401186607,40.97806421560028,36.29228838321311,56.66202225030637,34.348199103860296
iggy97.jpg,27.128411288233075,38.62843805284895,34.243150658917976,46.2762140012255,34.865852545445264
iggy98.jpg,30.549203235947513,33.232767115048475,36.218029649004016,50.21226000816994,45.353008195465684
iggy99.jpg,32.475632555705175,33.43759688345364,34.086770560841195,42.203113511029414,40.88157232945262
fresas0.jpg,18.905660885976932,25.204086972086476,55.89025214193659,35.73860868566177,20.07234477124183
fresas1.jpg,28.969488066265875,30.362086927187104,40.66842500654702,68.85186217064951,59.936270361008994
fresas10.jpg,13.37458518501417,17.71034592478339,68.91506889020243,40.78912505106209,16.77248583026961
fresas11.jpg,20.401071644680073,34.79905490330823,44.799873452011695,48.235498366013076,27.222658164828434
fresas12.jpg,19.266077097685418,20.986107272327885,59.747815629986704,40.041513480392155,23.827800436580883
fresas13.jpg,13.721599681070664,52.84186239044152,33.436537928487816,32.473555900224675,10.466876340379901
fresas14.jpg,29.795302193498834,32.16100218221287,38.0436956242883,73.35818716809642,64.94593226613563
fresas15.jpg,23.826169625259887,23.659288646376396,52.51454172836372,42.62238594005311,31.435269544015522
fresas16.jpg,17.6481298774999,41.37471771831498,40.97715240418511,48.35312404258578,22.136636731515527
fresas17.jpg,19.78026433838755,24.974712248080365,55.24502341353208,27.697819010416666,16.38566591350082
fresas18.jpg,29.68918922558591,30.161645762807808,40.14916501160628,72.77534466911764,65.29214537377452
fresas19.jpg,17.708520821432693,13.17411564671337,69.11736353185394,30.670455792994282,17.859129263684643
fresas2.jpg,17.56117781852464,23.688441011648067,58.75038116982729,44.69450795292076,23.449316087111928
fresas20.jpg,23.755572310688944,28.538428838900764,47.70599885041029,55.031444035947715,38.76327710120507
fresas21.jpg,15.547125884451576,49.14628211707606,35.306591998472356,39.50568576388889,14.91868617238562
fresas22.jpg,19.63854655544234,37.69096117171463,42.67049227284303,23.26731196384804,12.310132952920753
fresas23.jpg,29.565711347259878,30.44940367411263,39.98488497862749,62.660331137663405,55.82101205065361
fresas24.jpg,28.638977902422745,31.852550416144126,39.50847168143313,46.30987094056373,39.28019684436275
fresas25.jpg,25.214848830914015,24.43806072652135,50.347090442564635,43.714567695567816,34.15290543300653
fresas26.jpg,22.278911330434646,24.969913471338796,52.75117519822656,43.16984655841504,29.172464767156864
fresas27.jpg,19.83901990651746,26.755464305877545,53.405515787605,35.879195389093134,20.976503140318627
fresas28.jpg,11.869974308263233,42.42002947561728,45.70999621611949,37.17147097120098,11.05358934589461
fresas29.jpg,21.259978062240837,32.744316334588056,45.9957056031711,33.768049172794115,20.281406058517156
fresas3.jpg,28.19845127994117,30.418663292856557,41.38288542720227,69.60634733711193,58.68896516288808
fresas30.jpg,27.741862663259813,32.52746614196859,39.7306711947716,43.61960720486111,35.448624514910136
fresas31.jpg,21.578088753926323,31.56140246250975,46.86050878356392,42.532135927287584,26.22481713388481
fresas32.jpg,19.18874404367362,27.48183878215175,53.32941717417463,44.10827525020425,24.701478885825164
fresas33.jpg,18.754653770162488,19.97926032029926,61.26608590953825,38.14685617085376,22.229040287990195
fresas34.jpg,24.200631607270704,29.383105107419844,46.416263285309455,38.851874297896245,27.74783209507762
fresas35.jpg,27.012277672114642,29.482765559799695,43.50495676808566,56.44508718852125,45.659814133986934
fresas36.jpg,18.399881620614778,25.00265653281598,56.59746184656924,36.40570363562092,19.880132378472222
fresas37.jpg,31.88125305818479,31.013738439946426,37.10500850186879,77.75342084099265,75.26898648131127
fresas38.jpg,28.186136030679158,31.803680024672126,40.010183944648716,77.65944935917075,64.66877553104575
fresas39.jpg,14.47976267501846,18.19190579985696,67.32833152512458,32.24644320618872,14.385170930351308
fresas4.jpg,29.744311689084956,31.461783261876707,38.793905049038344,50.65744612949346,45.03495774611928
fresas40.jpg,22.734186402826452,26.006893930312426,51.258919666861125,60.15062614889706,41.207594528696895
fresas41.jpg,15.08316455123588,13.556901471180375,71.35993397758375,27.205717677696082,13.232063802083333
fresas42.jpg,26.20230464348302,29.106975377884055,44.69071997863293,51.92373110702615,40.69047883476308
fresas43.jpg,21.340680659635538,24.363067680232582,54.29625166013188,38.23499285130719,24.752342792585786
fresas44.jpg,28.031153274723668,30.810715886214997,41.158130839061336,71.782022314134,59.89919992085376
fresas45.jpg,18.984933824019638,27.15132536547935,53.863740810501014,35.21292987898284,19.544807304432187
fresas46.jpg,17.922467200858748,23.000070344569316,59.077462454571936,24.588983992034315,13.272288602941178
fresas47.jpg,16.701802817527756,24.345081238200912,58.95311594427134,30.916356464460787,15.269971979677289
fresas48.jpg,28.347107604549727,40.31512383632548,31.33776855912479,21.880653211805555,17.105120889501634
fresas49.jpg,15.385306051144623,19.351928963647076,65.26276498520829,33.12921389910131,15.623129531760622
fresas5.jpg,24.76451784727737,29.358312569243072,45.87716958347956,47.821941380718954,35.06598562602124
fresas50.jpg,17.14236927013619,17.773367855191626,65.08426287467218,34.09982670802696,18.35753421160131
fresas51.jpg,9.482378904794537,13.411636323535896,77.10598477166957,25.41607817606209,7.533343864889706
fresas52.jpg,20.032209748744044,24.103710504263002,55.86407974699296,37.28899484272876,22.543851805044937
fresas53.jpg,19.24016139112302,22.02406626502158,58.735772343855395,46.56086377910539,27.411496629901965
fresas54.jpg,19.23026282138152,22.03070353220442,58.739033646414065,46.59057234221814,27.412415428410952
fresas55.jpg,26.581540127181526,34.99034279828203,38.428117074536445,74.38074831495098,56.394805070465694
fresas56.jpg,16.013711336941885,19.71032221640624,64.27596644665188,35.001449525122545,17.186082388684643
fresas57.jpg,14.883290819992615,19.64138424193714,65.47532493807024,27.582864838643797,12.518191827512254
fresas58.jpg,28.26900077675576,30.48706718216688,41.243932041077365,70.77075929330066,59.81117110906863
fresas59.jpg,29.789449892339587,29.806049800258457,40.40450030740196,58.24964607587826,52.62869210835376
fresas6.jpg,26.877730614850602,31.17570522193514,41.946564163214255,75.62132608251635,59.91408356311275
fresas60.jpg,15.574684680166506,20.646755280350476,63.77856003948301,39.149332682291664,18.498622919219773
fresas61.jpg,25.96330058211119,28.56785123449897,45.46884818338984,48.705058976715684,37.94587131076389
fresas62.jpg,28.404360489602666,30.773000120810167,40.82263938958717,65.75020392922795,55.727263008067816
fresas63.jpg,26.03541126454144,28.885031512388508,45.07955722307005,49.693951376123366,38.73566591350082
fresas64.jpg,19.192819515178712,34.96558142341867,45.84159906140262,47.77579688776552,25.17856062346814
fresas65.jpg,25.064774558715573,32.35864433554582,42.57658110573861,42.69364149305556,30.94305076848448
fresas66.jpg,16.473593365795846,21.299832784707277,62.22657384949688,22.262904667075166,11.120072189031863
fresas67.jpg,23.065531985915946,24.50522516413695,52.4292428499471,39.2204181347018,27.67269901450164
fresas68.jpg,25.99793963710237,29.111564844023018,44.890495518874616,52.887198733660135,41.076192299836606
fresas69.jpg,26.829469848008664,27.685955176284438,45.4845749757069,58.9207701439951,48.00164547589869
fresas7.jpg,14.995524728902158,23.268269200174156,61.73620607092369,34.95571352890115,15.497485830269609
fresas70.jpg,19.69793443790188,27.12347258396324,53.17859297813489,38.75586575776144,22.41059059691585
fresas71.jpg,28.080714320243334,31.72983832499197,40.189447354764695,70.07323867698122,58.140381816789215
fresas72.jpg,19.238386471831248,25.319608107630447,55.44200542053831,35.870536215788405,20.518997012867647
fresas73.jpg,27.807894042070973,31.09114439675647,41.100961561172554,52.46965635212418,43.284191176470586
fresas74.jpg,32.80124255532427,27.480976462691043,39.71778098198469,37.413841018178104,38.657398258782685
fresas75.jpg,17.757107969745036,12.995527511491952,69.247364518763,28.58738064236111,16.72204318576389
fresas76.jpg,22.563924202633174,27.985135529011917,49.45094026835491,43.25548279207517,28.88913430606618
fresas77.jpg,29.435551779187897,31.191878633824853,39.37256958698725,71.52883731617646,62.96532724417892
fresas79.jpg,27.575786338457505,34.712079652015646,37.71213400952685,48.804454848345586,38.68277675653595
fresas8.jpg,10.753604559035038,14.37381778339715,74.87257765756782,16.239246961805556,5.44887854881536
fresas80.jpg,8.888439476653161,39.58364708196711,51.52791344137974,34.415892118566184,7.715090124591503
fresas81.jpg,12.574880344153605,17.34837093226533,70.07674872358106,30.749256727430556,11.873467818116831
fresas82.jpg,26.155826659113433,29.781035183949317,44.06313815693725,37.133717256433826,28.87578571793301
fresas83.jpg,13.68110318187453,18.5584062042052,67.76049061392027,35.94978234783497,15.036481949550657
fresas84.jpg,31.389803579282134,32.49485247310244,36.11534394761542,80.42265816482843,75.456392016442
fresas85.jpg,28.94425116842107,30.610759830528416,40.444989001050516,67.34932119332107,58.4334268407884
fresas86.jpg,20.313941020312356,18.374004532477528,61.312054447210116,31.64825654871324,20.454991319444442
fresas87.jpg,18.477751146000614,33.76129174147222,47.760957112527166,40.738381778492645,20.790867864072712
fresas88.jpg,28.47143897275341,30.72679447270578,40.801766554540805,77.93197093290442,66.2696483736724
fresas89.jpg,32.72877907155679,32.14089438667749,35.130326541765726,65.54239717371325,64.80471047794117
fresas9.jpg,18.55273720324125,24.805950887717692,56.64131190904106,38.14282705269608,21.05503567963644
fresas90.jpg,11.113275807143514,12.5785246242135,76.30819956864299,19.92966196895425,7.041177428002451
fresas91.jpg,23.823029098771013,31.349250153560448,44.82772074766854,56.560904628778594,39.03249527675654
fresas92.jpg,30.694133108728405,32.146463917799856,37.15940297347174,79.10640701593138,72.52937187244689
fresas93.jpg,21.970940244429354,24.906322546179606,53.12273720939103,23.135810802185457,15.39968979779412
fresas94.jpg,18.39811311526565,21.61078739429189,59.99109949044246,28.330249821282678,15.931804023692811
fresas95.jpg,28.8438709412929,30.67616678593936,40.47996227276774,73.49600630616831,63.472511999591504
fresas96.jpg,19.665756801205127,21.45715102285251,58.877092175942366,36.070506535947715,21.867734183517157
fresas97.jpg,28.591182711159735,29.580387524571094,41.828429764269174,72.74857281454248,62.78172487745099
fresas98.jpg,23.999699022320765,26.11249844353135,49.88780253414789,38.913230826184645,28.317286113664217
fresas99.jpg,23.70176739405285,32.116229124413195,44.182003481533954,51.74837941687092,35.280925755718954
fresasa-skov-on-unsplash-164856575878.jpg,15.61455784684831,14.816147969731155,69.56929418342054,29.88672545189951,14.920866523692812
iceberg0.jpg,34.969210612310654,33.89699726633657,31.133792121352776,44.23486008986929,46.59239493974674
iceberg1.jpg,35.2852950680897,33.95252924615734,30.76217568575296,44.86805587469363,47.76501895680147
iceberg10.jpg,38.604489083653114,34.075038689212334,27.32047222713455,46.55642775990605,55.18455978094364
iceberg11.jpg,35.395925763920985,33.65673154809799,30.947342687981028,61.32135352839052,65.68736691942402
iceberg12.jpg,36.90256833100713,33.93881447136647,29.15861719762639,70.27441501991423,78.94912013633578
iceberg13.jpg,42.557150410293325,34.084162321041276,23.358687268665395,47.203180849162585,63.10102953941995
iceberg14.jpg,36.00992648233503,33.615666151402635,30.374407366262336,45.04654181985295,49.282925155739385
iceberg15.jpg,36.70205871694034,34.05795206804377,29.23998921501589,66.12507276348039,73.73362342984069
iceberg16.jpg,34.57408000981756,33.441495959105204,31.984424031077236,51.60535992391748,53.84624502144608
iceberg17.jpg,48.50842866637768,35.2155103586425,16.276060974979814,32.30027541615605,50.44489187602125
iceberg18.jpg,35.99508525683723,33.74904133958211,30.25587340358067,68.89054138582517,75.22105577256946
iceberg19.jpg,37.41134790346169,32.391563080994764,30.19708901554355,48.669568270016335,56.36228011386847
iceberg2.jpg,35.8719792964398,33.86257222381307,30.265448479747132,60.98182668249593,66.25820950776145
iceberg20.jpg,45.35536590486732,35.230026452705175,19.4146076424275,52.07785181781046,74.62128587111928
iceberg21.jpg,37.597892788300285,34.68908204560591,27.713025166093807,53.891828469669115,61.52646165236928
iceberg22.jpg,30.349507893900103,33.36904419835112,36.28144790774878,51.539150582107844,46.14560802185458
iceberg23.jpg,39.05725680368779,33.0677569581044,27.87498623820781,58.677705971711596,71.18579995149102
iceberg24.jpg,37.01484782168004,33.100966888767815,29.884185289552146,55.42670866523693,62.94747083078024
iceberg25.jpg,41.248463250586454,33.25063657026306,25.500900179150477,54.21757621017157,70.23926738664217
iceberg26.jpg,40.55605411171187,32.38347814525003,27.060467743038096,43.97451842064952,56.21954529207517
iceberg27.jpg,37.80436711587671,32.39406815251597,29.80156473160732,51.64519824857027,60.572726460375826
iceberg28.jpg,43.10110110631281,34.79314855079713,22.105750342890065,49.26061293658089,66.47096258425245
iceberg29.jpg,39.28419091262771,33.353210997459236,27.362598089913053,58.93813668045344,71.81896318423203
iceberg3.jpg,35.72192513531397,33.643991358977644,30.634083505708386,62.38106809129902,67.56521043964462
iceberg30.jpg,43.115028040139116,33.3352627616577,23.549709198203185,50.655073657067,69.29167273029003
iceberg31.jpg,39.260975207149734,34.069430315608464,26.669594477241798,60.366034135008164,73.05254225388073
iceberg32.jpg,41.933776840276096,33.83360274000496,24.232620419718938,51.144564121221414,67.2664257174224
iceberg33.jpg,39.15537901982671,32.937137179786916,27.907483800386384,47.74079510059232,58.1481729345384
iceberg34.jpg,35.240235175029945,33.35905877648016,31.400706048489894,47.66165460324755,50.91651635263481
iceberg35.jpg,45.921924168384066,33.375984400023576,20.702091431592358,46.164502591401146,68.35515344158497
iceberg36.jpg,34.90861700151152,33.26774532342412,31.823637675064358,67.12355845332925,70.95327116523693
iceberg37.jpg,39.39663860235005,34.93264657793425,25.670714819715695,47.80781696793301,57.64949288960376
iceberg38.jpg,38.37101184527636,33.919477827431734,27.70951032729191,58.09900045955883,68.45114602481618
iceberg39.jpg,34.99008837126567,34.03354154847094,30.976370080263386,46.422040313521244,48.88507518892974
iceberg4.jpg,39.78816870579,33.96781186108025,26.244019433129743,60.64484592013889,74.65100975285948
iceberg40.jpg,43.483761771512754,35.738340909030484,20.777897319456763,47.72750012765523,64.56581073835785
iceberg41.jpg,36.09185294677221,33.14144604355951,30.766701009668285,52.41039656096814,57.72613389756945
iceberg42.jpg,37.734013690608194,32.95043414730339,29.315552162088416,51.85629340277779,60.37818755106209
iceberg43.jpg,45.17894232630238,35.77084964004694,19.050208033650673,51.745001021241826,73.41584616268382
iceberg44.jpg,35.856686397333235,33.59674454054313,30.54656906212364,47.59169155943628,51.79401105494281
iceberg45.jpg,38.01662477221062,33.60428358737281,28.379091640416565,48.622933261846406,56.80335222630718
iceberg46.jpg,35.26930868038967,33.65470971648161,31.07598160312871,59.52924677032271,63.49258323120915
iceberg47.jpg,41.50210024500738,35.029353134193435,23.468546620799188,53.562705844056374,68.80534715839462
iceberg48.jpg,36.80650427194578,34.86019862218909,28.333297105865135,42.585980264501636,47.322676993974675
iceberg49.jpg,40.648874976199316,34.21941133135378,25.1317136924469,52.96247766033497,66.79063680810867
iceberg5.jpg,46.32440188040076,33.85811724142497,19.817480878174276,33.78127297794118,50.355586831086605
iceberg50.jpg,36.03423725853651,33.24585580311461,30.719906938348885,58.44127540339053,64.19305076848447
iceberg51.jpg,37.13711304482325,35.3092149261499,27.553672029026856,44.353108723958336,49.62837297028187
iceberg52.jpg,37.941960287924935,33.570807046600336,28.48723266547473,53.63887995302289,62.52422002655229
iceberg53.jpg,35.83318145323721,33.32410327299324,30.842715273769556,47.12488862081291,51.38157871221406
iceberg54.jpg,39.83312926262312,33.191361838008675,26.975508899368204,53.408242059844774,66.29767029207517
iceberg55.jpg,37.584005998289086,34.67965546826649,27.73633853344442,53.872850924223854,61.48208199295344
iceberg56.jpg,39.903068814516296,34.04573720747266,26.05119397801104,60.99932725694444,75.30735964307598
iceberg57.jpg,37.206845727096706,33.52790379564406,29.265250477259237,65.07838477839053,74.1172771777982
iceberg58.jpg,36.96584385772408,32.69893152050567,30.33522462177025,57.060943244485294,64.926708984375
iceberg59.jpg,49.272770533830986,38.31026389742694,12.41696556874207,47.74581290849673,73.93839326746325
iceberg6.jpg,39.30358712573064,34.19912767724319,26.497285197026173,68.424263110192,82.80827620761848
iceberg60.jpg,44.1893922710176,32.407437268780406,23.403170460201988,44.00738804636438,62.6233739915237
iceberg61.jpg,41.92206115379864,34.71347817227309,23.364460673928274,38.609040862438725,50.35582235498367
iceberg62.jpg,39.28980874454416,34.25185995078122,26.458331304674626,44.06316348805148,53.28424191942402
iceberg63.jpg,40.162606941927216,32.57735301124842,27.260040046824365,57.71011252808415,72.77336665134804
iceberg64.jpg,39.21542497196049,32.06071865622193,28.72385637181758,45.425551151450165,55.878660194546576
iceberg65.jpg,41.57315637661306,32.92258894617303,25.504254677213904,57.24860057955474,75.10523450265524
iceberg66.jpg,41.907768769928374,32.452425547621964,25.639805682449662,32.77731502757353,43.62220435049019
iceberg67.jpg,45.57450583301579,32.71989433555063,21.705599831433585,32.260058274611936,47.601076452716505
iceberg68.jpg,47.01904136118406,30.989904457914726,21.99105418090122,42.80011042177288,66.81983251633987
iceberg69.jpg,45.09034657131204,32.28113489527957,22.628518533408386,43.318783828635624,63.31204427083333
iceberg7.jpg,41.37744783990954,33.082933073287144,25.539619086803317,50.805903735192004,66.17663239123775
iceberg70.jpg,37.72825228625493,33.967883055475426,28.303864658269646,59.986710452410136,69.21880201950572
iceberg71.jpg,39.066291960345865,32.66225730993434,28.271450729719795,56.70869746987338,69.06064995659723
iceberg72.jpg,52.821620990027085,34.310549698236905,12.86782931173601,36.15709348192403,63.65831290849674
iceberg73.jpg,38.61102169949615,31.73729308911949,29.65168521138436,32.63305313010621,39.47859094158497
iceberg74.jpg,37.65083191658378,32.91050790797682,29.43866017543939,54.9922420726103,63.87487425959968
iceberg75.jpg,38.16385488850165,32.68766422042736,29.14848089107099,40.9977255029616,48.51189491421569
iceberg76.jpg,40.01077126740058,32.5462312599919,27.442997472607523,51.66113664215686,64.85892341962828
iceberg77.jpg,41.116140159506514,34.87187741996238,24.011982420531098,51.44907418045343,65.43054342830882
iceberg78.jpg,37.84375564533395,36.34431696964715,25.8119273850189,36.16078559027778,41.022165415645425
iceberg79.jpg,41.5490012958538,35.167174749248474,23.283823954897723,47.575545726102945,61.129670266544125
iceberg8.jpg,38.8040928655264,33.28692559312867,27.908981541344936,59.158809806474686,71.0543527241626
iceberg80.jpg,37.22357557939539,32.944716462571876,29.831707958032734,58.38194061478758,66.86477258220997
iceberg81.jpg,36.37708647773948,34.08910453303252,29.533808989228,48.67717077716504,53.682907922283505
iceberg82.jpg,43.840720144795775,33.04743640371876,23.111843451485463,33.82356611264298,47.37209712009804
iceberg83.jpg,38.68615588525402,36.249501182589945,25.064342932156038,62.11154545802697,72.4158305249183
iceberg84.jpg,39.44805358596782,34.1724612888915,26.379485125140683,63.408772148182194,77.09923853656046
iceberg85.jpg,45.0121032887153,32.83726166147298,22.15063504981172,47.00889597375409,68.20453176062092
iceberg86.jpg,39.38749754069455,34.04021145276959,26.57229100653586,53.92216445823121,65.51113951439952
iceberg87.jpg,36.321539604910406,34.38453886295213,29.293921532137464,60.94245270373775,66.90955371732026
iceberg88.jpg,41.084599219393084,33.06252002879022,25.8528807518167,39.07510499642565,50.4613361034518
iceberg89.jpg,37.80150883589762,33.86812245399275,28.33036871010963,53.492166117749186,61.914530037275334
iceberg9.jpg,35.42854539813413,33.60350843822505,30.967946163640818,58.20602053972632,62.45113325929331
iceberg90.jpg,35.30288435890392,33.797963942488565,30.89915169860752,56.815325967626634,60.59427657781863
iceberg91.jpg,42.52692581321704,33.32093136049604,24.15214282628692,49.984904130923205,67.21210554534314
iceberg92.jpg,38.856054455433444,33.52815016120312,27.615795383363434,51.72865859885622,62.095493770424845
iceberg93.jpg,34.53832248698486,32.62003199129696,32.841645521718185,56.080005042381536,58.866619115093954
iceberg94.jpg,40.35860920034368,33.43336781458313,26.208022985073193,42.18831029156455,53.123960886437914
iceberg95.jpg,35.40219136820464,33.633341569257325,30.964467062538038,61.47081705729167,65.87286145578024
iceberg96.jpg,38.45964937482055,34.28616981173913,27.25418081344032,61.32962335324755,72.22983845230802
iceberg97.jpg,41.84701494682134,32.523286450268,25.629698602910654,53.815288628472224,71.44345128676471
iceberg98.jpg,49.60074049241303,37.37380016144421,13.025459346142759,40.45749208537582,63.74339065053104
iceberg99.jpg,43.50511643978805,35.32955934462908,21.165324215582874,48.532899624693634,65.9377907347835
